monteCarloRadiosityElementComputeAverageReflectanceAndEmittance	mntCarRadEleComAvgRefAndEmi
stochasticRelaxationRadiosityDoIncrementalImportanceIterations	stchsRelaxRadDoIncrmImpItrtn
stochasticRelaxationRadiosityDoIncrementalRadianceIterations	stchsRelaxRadDoIncrmRadnItrtn
stochasticRelaxationRadiosityPrintIncrementalImportanceStats	stchsRelaxRadPrintIncrmImpStats
stochasticRelaxationRadiosityPrintIncrementalRadianceStats	stchRelaRadPrinIncrRadnStat
stochasticRelaxationRadiosityDoRegularImportanceIteration	stchsRelaxRadDoRegImpItrtn
stochasticRelaxationRadiosityDoRegularRadianceIteration	stchsRelaxRadDoRegRadnItrtn
stochasticRelaxationRadiosityElementIncrementImportance	stchsRelaxRadElemIncrImp
stochasticRelaxationRadiosityElementDiscardIncremental	stchsRelaxRadElemDscrdIncrm
randomWalkRadiosityDetermineGatheringControlRadiosity	rndmWalkRadDetGthrnCtrlRad
stochasticRelaxationRadiosityElementIncrementRadiance	stchsRelaxRadElemIncrRadn
DEFAULT_GAL_SCRATCH_FRAME_BUFFER_SIDE_SIZE_IN_PIXELS	DF_GA_SC_FR_BF_SI_SI_I_PX
stochasticRelaxationRadiosityElementUnShotImportance	stchsRelaxRadElemUnShotImp
stochasticRelaxationRadiosityElementUpdateImportance	stchsRelaxRadElemUpdImp
PhongBidirectionalTransmittanceDistributionFunction	PhongBidirTransDistFunc
stochasticJacobiPropagateRadianceToClusterIsotropic	stchsJacPropRadnToClustIstrp
stochasticRadiosityElementRegularLeafElementAtPoint	stchsRadElemRegLeafElemAtPnt
stochasticRelaxationRadiosityRecomputeDisplayColors	stchsRelaxRadRecompDispClrs
monteCarloRadiosityCreateClusterHierarchyRecursive	mntCarloRadCreateClustHierRec
sceneBuilderAddPatchToLightSourceListIfLightSource	sceBldAddPatToLigSrcLisIfLigSrc
stochasticJacobiPropagateRadianceToClusterOriented	stchsJacPropRadnToClustOrntd
stochasticRadiosityElementRegularSubElementAtPoint	stchsRadElemRegSubElemAtPnt
stochasticRelaxationRadiosityElementUnShotRadiance	stchsRelaxRadElemUnShotRadn
stochasticRelaxationRadiosityElementUpdateRadiance	stchsRelaxRadElemUpdRadn
PhongBidirectionalReflectanceDistributionFunction	PhongBidirReflDistFunc
monteCarloRadiosityInterpolatedReflectanceAtPoint	mntCarloRadInterpReflAtPnt
stochasticJacobiPropagateRadianceClusterRecursive	stchsJacPropRadnClustRec
stochasticRadiosityElementDestroyClusterHierarchy	stchsRadElemDestroyClustHier
stochasticRadiosityElementRegularSubdivideElement	stchsRadElemRegSbdvdElem
toneMappingCommandLineOptionDescAdaptMethodOption	tonMapCmdLinOptDesAdaMetOpt
PhongBidirectionalScatteringDistributionFunction	PhongBidirScattDistFunc
stochasticRadiosityElementComputeNewVertexColors	stchsRadElemCompNewVtxClrs
stochasticRadiosityElementDisplayRadianceAtPoint	stchsRadElemDispRadnAtPnt
stochasticRelaxationRadiosityDiscardIncremental	stchsRelaxRadDscrdIncrm
stochasticJacobiReceiverProjectedAreaRecursive	stchsJacRecvPrjctAreaRec
stochasticRelaxationRadiosityElementImportance	stchsRelaxRadElemImp
stochasticRelaxationRadiosityPrintRegularStats	stchsRelaxRadPrintRegStats
basisGalerkinComputeRegularFilterCoefficients	bssGalCompRegFiltCoeff
stochasticRadiosityElementAdjustTVertexColors	stchsRadElemAdjTVtxClrs
hierarchicRefinementRegularSubdivideReceiver	hierRefRegSbdvdRecv
hierarchicRefinementSubdivideReceiverCluster	hierRefSbdvdRecvClust
monteCarloRadiosityCreateSurfaceElementChild	mntCarloRadCreateSurfElemChld
monteCarloRadiosityDiffuseReflectanceAtPoint	mntCarloRadDffsReflAtPnt
stochasticJacobiRefineAndPropagateImportance	stchsJacRfnAndPropImp
stochasticRadiosityElementCreateFromGeometry	stchsRadElemCreateFromGeom
stochasticRadiosityElementEdgeMidpointVertex	stchsRadElemEdgeMidVtx
stochasticRelaxationRadiosityElementRadiance	stchsRelaxRadElemRadn
monteCarloRadiosityRegularSubdivideTriangle	mntCarloRadRegSbdvdTri
randomWalkRadiosityUpdateSourceIllumination	rndmWalkRadUpdSrcIllum
stochasticRadiosityElementScalarReflectance	stchsRadElemSclrRefl
addElementToIrregularChildrenDeletionCache	addElemToIrrChildrenDltnCch
hierarchicRefinementRegularSubdivideSource	hierRefRegSbdvdSrc
hierarchicRefinementSubdivideSourceCluster	hierRefSbdvdSrcClust
monteCarloRadiosityCreateSurfaceSubElement	mntCarloRadCreateSurfSubElem
randomWalkRadiosityCollisionGatheringScore	rndmWalkRadCllsnGthrnScore
sceneBuilderAddBackgroundToLightSourceList	sceneBldAddBgToLightSrcList
stochasticJacobiPropagateRadianceToSurface	stchsJacPropRadnToSurf
stochasticJacobiRefineAndPropagateRadiance	stchsJacRfnAndPropRadn
stochasticRelaxationRadiosityQualityFactor	stchsRelaxRadQualFactor
OptionsGroupStochasticRelaxationRadiosity	OptsGrpStochRelaxRad
hierarchicRefinementComputeLightTransport	hierRefCompLightTransp
hierarchicRefinementCreateSubdivisionLink	hierRefCreateSubdivLink
monteCarloRadiosityDetermineInitialNrRays	mntCarloRadDetInitNrRays
randomWalkRadiosityGetSelfEmittedRadiance	rndmWalkRadGetSelfEmitRadn
stochasticRadiosityElementCreateFromPatch	stchsRadElemCreateFromPatch
stochasticRadiosityElementDisplayRadiance	stchsRadElemDispRadn
monteCarloRadiosityAccumulateImportances	mntCarloRadAccumImps
monteCarloRadiosityCreateClusterChildren	mntCarloRadCreateClustChildren
monteCarloRadiosityDestroySurfaceElement	mntCarloRadDestroySurfElem
monteCarloRadiosityDetermineAreaFraction	mntCarloRadDetAreaFrac
monteCarloRadiosityNewEdgeMidpointVertex	mntCarloRadNewEdgeMidVtx
patchPropagateUnShotRadianceAndPotential	ptchPropUnShotRadnAndPot
stochasticJacobiElementClearAccumulators	stchsJacElemClearAccums
stochasticRadiosityElementPullImportance	stchsRadElemPullImp
stochasticRadiosityElementPushImportance	stchsRadElemPushImp
stochasticRelaxationRadiosityRandomRound	stchsRelaxRadRndRnd
getNumberOfClusterToClusterInteractions	getNumOClustToClustInters
getNumberOfClusterToSurfaceInteractions	getNumOClustToSurfInters
getNumberOfSurfaceToClusterInteractions	getNumOSurfToClustInters
getNumberOfSurfaceToSurfaceInteractions	getNumOSurfToSurfInters
hierarchicRefinementEvaluateInteraction	hierRefEvalInter
monteCarloRadiosityPatchComputeNewColor	mntCarloRadPatchCompNewColor
monteCarloRadiosityRegularSubdivideQuad	mntCarloRadRegSbdvdQuad
monteCarloRadiosityUpdateViewImportance	mntCarloRadUpdViewImp
randomWalkRadiosityDoGatheringIteration	rndmWalkRadDoGthrnItrtn
stochasticRadiosityMultiplyCoefficients	stchsRadMltplCoeff
stochasticRaytracerGetScatteredRadiance	stchsRaytrcGetScttrRadn
hierarchicRefinementApproximationError	hierRefApprxErrr
hierarchicRefinementLinkErrorThreshold	hierRefLinkErrrThrsh
randomWalkRadiosityDoShootingIteration	rndmWalkRadDoShootItrtn
sceneBuilderCollectGeometriesRecursive	sceneBldCollectGeomsRec
stochasticRadiosityElementPullRadiance	stchsRadElemPullRadn
stochasticRadiosityElementPushRadiance	stchsRadElemPushRadn
BidirectionalPathTracingConfiguration	BidirPathTraceConfig
DEFAULT_GAL_ITERATION_NOT_INITIALIZED	DFLT_GAL_ITRTN_NOT_INTLZ
MINIMUM_NUMBER_OF_PATCHES_PER_CLUSTER	MNMM_NMBR_O_PTCHS_PER_CLSTR
commandLineGeneralProgramParseOptions	cmmndLineGenProgParseOpts
monteCarloRadiosityCreateClusterChild	mntCarloRadCreateClustChld
stochasticJacobiReceiverProjectedArea	stchsJacRecvPrjctArea
stochasticJacobiUniformHitCoordinates	stchsJacUnfrmHitCrdnt
addElementToHierarchiesDeletionCache	addElemToHrrchDltnCch
hierarchicRefinementStoreInteraction	hierRefStoreInter
indirectImportanceWeightedUnShotFlux	indrcImpWghtdUnShotFlux
monteCarloRadiosityInstallCoordinate	mntCarloRadInstCoord
monteCarloRadiosityNewMidpointVertex	mntCarloRadNewMidVtx
randomWalkRadiosityScalarReflectance	rndmWalkRadSclrRefl
randomWalkRadiosityScalarSourcePower	rndmWalkRadSclrSrcPwr
sceneBuilderFillLightSourcePatchList	sceneBldFillLightSrcPatchList
stochasticRadiosityElementIsTextured	stchsRadElemITex
stochasticRadiosityScaleCoefficients	stchsRadScaleCoeff
OptionsGroupBidirectionalRaytracing	OptsGrpBidirRaytr
mgfDefaultHandlerForUnknownEntities	mgfDfltHndlrFUnknwEntts
monteCarloRadiosityDestroyPatchData	mntCarloRadDestroyPatchData
monteCarloRadiosityElementNeighbour	mntCarloRadElemNghbr
monteCarloRadiosityReInitImportance	mntCarloRadReInitImp
monteCarloRadiosityUpdateImportance	mntCarloRadUpdImp
photonMapDoComputePixelFluxEstimate	phtnMapDoCompPxlFluxEstmt
sceneBuilderBuildBinaryFallbackPath	sceneBldBldBnryFllbcPath
sourceClusterRadianceVariationError	srcClustRadnVrtnErrr
stochasticJacobiPropagateImportance	stchsJacPropImp
stochasticJacobiPushUpdatePullChild	stchsJacPushUpdPullChld
stochasticJacobiPushUpdatePullSweep	stchsJacPushUpdPullSwp
stochasticRadiosityCopyCoefficients	stchsRadCopyCoeff
COLOR_NOMINAL_MAXIMUM_SAMPLE_VALUE	CLR_NMNL_MXMM_SMPL_VL
PhongEmittanceDistributionFunction	PhongEmitDistFunc
StochasticRadiosityElementTypeInfo	StochRadElemTypeInfo
TONE_MAPPING_METHODS_STRING_LENGTH	TONE_MPPNG_MTHDS_STRNG_LNGTH
evaluateProbabilityDensityFunction	evalProbDensFunc
monteCarloRadiosityCreatePatchData	mntCarloRadCreatePatchData
monteCarloRadiosityInitClusterPull	mntCarloRadInitClustPull
monteCarloRadiosityInitSurfacePush	mntCarloRadInitSurfPush
monteCarloRadiosityInstallTexCoord	mntCarloRadInstTexCrd
monteCarloRadiosityPullImportances	mntCarloRadPullImps
printGalerkinElementForPatchBridge	prntGalElemFPatchBrdg
randomWalkRadiosityGatheringUpdate	rndmWalkRadGthrnUpd
renderSecondarySelectedPatchMarker	rndrSecSelPatchMark
sceneBuilderApplyModelToMgfContext	sceneBldApplyMdlToMgfCtx
sceneBuilderCreateClusterHierarchy	sceneBldCreateClustHier
stochasticJacobiRefineAndPropagate	stchsJacRfnAndProp
stochasticJacobiShootRaysRecursive	stchsJacShootRaysRec
stochasticRadiosityAddCoefficients	stchsRadAddCoeff
stochasticRadiosityCreateQuadBasis	stchsRadCreateQuadBasis
topLevelStochasticRadiosityElement	topLvlStochRadElem
StochasticRaytracingConfiguration	StochRaytrConfig
accumulatedRussianRouletteFactors	accmlRssnRlttFctrs
doHigherOrderAreaToAreaFormFactor	doHighOrdAreaToAreaFormFactor
geomListMultiResolutionVisibility	geomListMultiResVis
geometryMultiResolutionVisibility	geomMultiResVis
monteCarloRadiosityDestroyElement	mntCarloRadDestroyElem
numberOfReceiverCubaturePositions	nmbrORecvCbtrPstns
randomWalkRadiosityShootingUpdate	rndmWalkRadShootUpd
sceneBuilderFillFacesBackPointers	sceneBldFillFcsBackPntrs
sceneBuilderIsReadableRegularFile	sceneBldIReadableRegFile
stochasticJacobiGetSourceRadiance	stchsJacGetSrcRadn
stochasticJacobiPropagateRadiance	stchsJacPropRadn
stochasticJacobiPullRdEdFromChild	stchsJacPullRdEdFromChld
stochasticRadiosityCreateTriBasis	stchsRadCreateTriBasis
stochasticRadiosityElementDestroy	stchsRadElemDestroy
BidirectionalPathRaytracerConfig	BidirPathRaytrcCfg
OptionsGroupStochasticRaytracing	OptsGrpStochRaytr
commandLineParseBackgroundOption	cmmndLineParseBgOpt
computeColorConversionTransforms	cmptColorConvXforms
computeOneLightImportanceVirtual	cmptOneLightImpVrtl
computeRegularFilterCoefficients	cmptRegFiltCoeff
drawSecondarySelectedPatchMarker	drawSecSelPatchMark
fileOptionsForceOneSidedSurfaces	fileOptsFrcOneSddSrfcs
hierarchicRefinementColorToError	hierRefColorToErrr
initialControlRadiosityRecursive	initCtrlRadRec
monteCarloRadiosityCreateCluster	mntCarloRadCreateClust
monteCarloRadiosityInstallNormal	mntCarloRadInstNorm
monteCarloRadiosityInstallVertex	mntCarloRadInstVtx
monteCarloRadiosityUpdateCpuSecs	mntCarloRadUpdCpuSecs
numberOfBasisFunctionsOnReceiver	nmbrOBasisFnctnORecv
randomWalkRadiosityShootingScore	rndmWalkRadShootScore
sceneBuilderValidateReadableFile	sceneBldValReadableFile
stochasticJacobiElementShootRays	stchsJacElemShootRays
stochasticJacobiInitPushRayIndex	stchsJacInitPushRayIndx
