old	new	old_len	new_len
monteCarloRadiosityElementComputeAverageReflectanceAndEmittance	mntCarloRadElemCompAvgReflAEmit	63	31
stochasticRelaxationRadiosityDoIncrementalImportanceIterations	stchsRelaxRadDIncrmImpItrtn	62	27
stochasticRelaxationRadiosityDoIncrementalRadianceIterations	stchsRelaxRadDIncrmRadnItrtn	60	28
stochasticRelaxationRadiosityPrintIncrementalImportanceStats	stchsRelaxRadPrintIncrmImpStats	60	31
__PHONG_BIDIRECTIONAL_TRANSMITTANCE_DISTRIBUTION_FUNCTION__	PHNG_BDRCT_TRNSM_DSTRB_FNCTN	59	28
stochasticRelaxationRadiosityPrintIncrementalRadianceStats	stchRelaRadPrinIncrRadnStat	58	27
__PHONG_BIDIRECTIONAL_REFLECTANCE_DISTRIBUTION_FUNCTION__	PHNG_BDRCT_RFLCT_DSTRB_FNCTN	57	28
stochasticRelaxationRadiosityDoRegularImportanceIteration	stchsRelaxRadDRegImpItrtn	57	25
__PHONG_BIDIRECTIONAL_SCATTERING_DISTRIBUTION_FUNCTION__	PHNG_BDRCT_SCTTR_DSTRB_FNCTN	56	28
stochasticRelaxationRadiosityDoRegularRadianceIteration	stchsRelaxRadDRegRadnItrtn	55	26
stochasticRelaxationRadiosityElementIncrementImportance	stchsRelaxRadElemIncrImp	55	24
stochasticRelaxationRadiosityElementDiscardIncremental	stchsRelaxRadElemDscrdIncrm	54	27
__VISUAL_DEBUG_TOOLS_GLUT_DEBUG_TOOLS_MOUSE_CONTROL__	VSL_DBG_TLS_GLU_DBG_TLS_MS_CNT	53	30
randomWalkRadiosityDetermineGatheringControlRadiosity	rndmWalkRadDetGthrnCtrlRad	53	26
stochasticRelaxationRadiosityElementIncrementRadiance	stchsRelaxRadElemIncrRadn	53	25
DEFAULT_GAL_SCRATCH_FRAME_BUFFER_SIDE_SIZE_IN_PIXELS	DF_GAL_SCR_FRM_BUF_SID_SIZ_I_PX	52	31
stochasticRelaxationRadiosityElementUnShotImportance	stchsRelaxRadElemUnShotImp	52	26
stochasticRelaxationRadiosityElementUpdateImportance	stchsRelaxRadElemUpdImp	52	23
PhongBidirectionalTransmittanceDistributionFunction	PhongBidirTransDistFunc	51	23
__VISUAL_DEBUG_TOOLS_GLUT_DEBUG_TOOLS_KEY_CONTROL__	VSL_DBG_TLS_GLU_DBG_TLS_KEY_CNT	51	31
stochasticJacobiPropagateRadianceToClusterIsotropic	stchsJacPropRadnTClustIstrp	51	27
stochasticRadiosityElementRegularLeafElementAtPoint	stchsRadElemRegLeafElemAPnt	51	27
stochasticRelaxationRadiosityRecomputeDisplayColors	stchsRelaxRadRecompDispClrs	51	27
monteCarloRadiosityCreateClusterHierarchyRecursive	mntCarloRadCreateClustHierRec	50	29
sceneBuilderAddPatchToLightSourceListIfLightSource	sceBldAddPtcTLigSrcLisIfLigSrc	50	30
stochasticJacobiPropagateRadianceToClusterOriented	stchsJacPropRadnTClustOrntd	50	27
stochasticRadiosityElementRegularSubElementAtPoint	stchsRadElemRegSubElemAPnt	50	26
stochasticRelaxationRadiosityElementUnShotRadiance	stchsRelaxRadElemUnShotRadn	50	27
stochasticRelaxationRadiosityElementUpdateRadiance	stchsRelaxRadElemUpdRadn	50	24
PhongBidirectionalReflectanceDistributionFunction	PhongBidirReflDistFunc	49	22
__OPTIONS_GROUP_STOCHASTIC_RELAXATION_RADIOSITY__	OPTNS_GRP_STCHS_RLXTN_RDSTY	49	27
__VISUAL_DEBUG_TOOLS_GLUT_DEBUG_PATCH_HIERARCHY__	VSL_DBG_TLS_GLUT_DBG_PTCH_HRRCH	49	31
monteCarloRadiosityInterpolatedReflectanceAtPoint	mntCarloRadInterpReflAPnt	49	25
stochasticJacobiPropagateRadianceClusterRecursive	stchsJacPropRadnClustRec	49	24
stochasticRadiosityElementDestroyClusterHierarchy	stchsRadElemDestroyClustHier	49	28
stochasticRadiosityElementRegularSubdivideElement	stchsRadElemRegSbdvdElem	49	24
toneMappingCommandLineOptionDescAdaptMethodOption	tonMppCmdLinOptDesAdaMetOpt	49	27
PhongBidirectionalScatteringDistributionFunction	PhongBidirScattDistFunc	48	23
__COMMAND_LINE_RAYTRACING_METHOD_OPTIONS_GROUP__	CMMND_LINE_RYTRC_MTHD_OPTNS_GRP	48	31
stochasticRadiosityElementComputeNewVertexColors	stchsRadElemCompNewVtxClrs	48	26
stochasticRadiosityElementDisplayRadianceAtPoint	stchsRadElemDispRadnAPnt	48	24
stochasticRelaxationRadiosityDiscardIncremental	stchsRelaxRadDscrdIncrm	47	23
__COMMAND_LINE_RADIANCE_METHOD_OPTIONS_GROUP__	CMMND_LINE_RDNC_MTHD_OPTNS_GRP	46	30
stochasticJacobiReceiverProjectedAreaRecursive	stchsJacRecvPrjctAreaRec	46	24
stochasticRelaxationRadiosityElementImportance	stchsRelaxRadElemImp	46	20
stochasticRelaxationRadiosityPrintRegularStats	stchsRelaxRadPrintRegStats	46	26
__BINARY_MODEL_WRITER_SERIALIZATION_CONTEXT__	BNRY_MDL_WRTR_SRLZT_CNTXT	45	25
__VISUAL_DEBUG_TOOLS_GLUT_DEBUG_TOOLS_MODEL__	VSL_DBG_TLS_GLUT_DBG_TLS_MDL	45	28
basisGalerkinComputeRegularFilterCoefficients	bssGalCompRegFiltCoeff	45	22
stochasticRadiosityElementAdjustTVertexColors	stchsRadElemAdjTVtxClrs	45	23
__BIDIRECTIONAL_PATH_TRACING_CONFIGURATION__	BDRCT_PATH_TRCNG_CNFGR	44	22
hierarchicRefinementRegularSubdivideReceiver	hierRefRegSbdvdRecv	44	19
hierarchicRefinementSubdivideReceiverCluster	hierRefSbdvdRecvClust	44	21
monteCarloRadiosityCreateSurfaceElementChild	mntCarloRadCreateSurfElemChld	44	29
monteCarloRadiosityDiffuseReflectanceAtPoint	mntCarloRadDffsReflAPnt	44	23
stochasticJacobiRefineAndPropagateImportance	stchsJacRfnAPropImp	44	19
stochasticRadiosityElementCreateFromGeometry	stchsRadElemCreateFromGeom	44	26
stochasticRadiosityElementEdgeMidpointVertex	stchsRadElemEdgeMidVtx	44	22
stochasticRelaxationRadiosityElementRadiance	stchsRelaxRadElemRadn	44	21
__COMMAND_LINE_TONE_MAPPING_OPTIONS_GROUP__	CMMND_LINE_TONE_MAP_OPTNS_GRP	43	29
monteCarloRadiosityRegularSubdivideTriangle	mntCarloRadRegSbdvdTri	43	22
randomWalkRadiosityUpdateSourceIllumination	rndmWalkRadUpdSrcIllum	43	22
stochasticRadiosityElementScalarReflectance	stchsRadElemSclrRefl	43	20
__OPTIONS_GROUP_BIDIRECTIONAL_RAYTRACING__	OPTNS_GRP_BDRCT_RYTRC	42	21
__VISUAL_DEBUG_TOOLS_PATCH_HIT_CANDIDATE__	VSL_DBG_TLS_PTCH_HIT_CNDDT	42	26
addElementToIrregularChildrenDeletionCache	addElemTIrrChildrenDltnCch	42	26
hierarchicRefinementRegularSubdivideSource	hierRefRegSbdvdSrc	42	18
hierarchicRefinementSubdivideSourceCluster	hierRefSbdvdSrcClust	42	20
monteCarloRadiosityCreateSurfaceSubElement	mntCarloRadCreateSurfSubElem	42	28
randomWalkRadiosityCollisionGatheringScore	rndmWalkRadCllsnGthrnScr	42	24
sceneBuilderAddBackgroundToLightSourceList	sceneBldAddBgTLightSrcList	42	26
stochasticJacobiPropagateRadianceToSurface	stchsJacPropRadnTSurf	42	21
stochasticJacobiRefineAndPropagateRadiance	stchsJacRfnAPropRadn	42	20
stochasticRelaxationRadiosityQualityFactor	stchsRelaxRadQualFactor	42	23
OptionsGroupStochasticRelaxationRadiosity	OptsGrpStochRelaxRad	41	20
__BINARY_MODEL_READER_INDEX_LIST_RECORD__	BNRY_MDL_RDR_INDX_LIST_RCRD	41	27
hierarchicRefinementComputeLightTransport	hierRefCompLightTransp	41	22
hierarchicRefinementCreateSubdivisionLink	hierRefCreateSubdivLink	41	23
monteCarloRadiosityDetermineInitialNrRays	mntCarloRadDetInitNrRays	41	24
randomWalkRadiosityGetSelfEmittedRadiance	rndmWalkRadGetSelfEmitRadn	41	26
stochasticRadiosityElementCreateFromPatch	stchsRadElemCreateFromPtch	41	26
stochasticRadiosityElementDisplayRadiance	stchsRadElemDispRadn	41	20
monteCarloRadiosityAccumulateImportances	mntCarloRadAccumImps	40	20
monteCarloRadiosityCreateClusterChildren	mntCarloRadCreateClustChildren	40	30
monteCarloRadiosityDestroySurfaceElement	mntCarloRadDestroySurfElem	40	26
monteCarloRadiosityDetermineAreaFraction	mntCarloRadDetAreaFrac	40	22
monteCarloRadiosityNewEdgeMidpointVertex	mntCarloRadNewEdgeMidVtx	40	24
patchPropagateUnShotRadianceAndPotential	ptchPropUnShotRadnAPot	40	22
stochasticJacobiElementClearAccumulators	stchsJacElemClearAccums	40	23
stochasticRadiosityElementPullImportance	stchsRadElemPullImp	40	19
stochasticRadiosityElementPushImportance	stchsRadElemPushImp	40	19
stochasticRelaxationRadiosityRandomRound	stchsRelaxRadRndRnd	40	19
DEFAULT_GAL_MULTI_RESOLUTION_VISIBILITY	DF_GAL_MLT_RSLTN_VSBLT	39	22
__BINARY_MODEL_READER_GEOMETRY_RECORD__	BNRY_MDL_RDR_GMTRY_RCRD	39	23
__COMMAND_LINE_GALERKIN_OPTIONS_GROUP__	CMMND_LINE_GLRKN_OPTNS_GRP	39	26
__OPTIONS_GROUP_RANDOM_WALK_RADIOSITY__	OPTNS_GRP_RNDM_WALK_RDSTY	39	25
__OPTIONS_GROUP_STOCHASTIC_RAYTRACING__	OPTNS_GRP_STCHS_RYTRC	39	21
__PhongEmittanceDistributionFunctions__	Phngm	39	5
__STOCHASTIC_RADIOSITY_GALERKIN_BASIS__	STCHS_RDSTY_GLRKN_BSS	39	21
__STOCHASTIC_RAYTRACING_APPROXIMATION__	STCHS_RYTRC_APPRX	39	17
__STOCHASTIC_RAYTRACING_CSCATTER_INFO__	STCHS_RYTRC_CSCTT_INFO	39	22
__VISUAL_DEBUG_TOOLS_GLUT_DEBUG_TOOLS__	VSL_DBG_TLS_GLUT_DBG_TLS	39	24
__VISUAL_DEBUG_TOOLS_GLUT_HUD_CONSOLE__	VSL_DBG_TLS_GLUT_HUD_CNSL	39	25
galerkinElementRegularSubElementAtPoint	glrknElemRegSubElemAPnt	39	23
getNumberOfClusterToClusterInteractions	getNumOClustTClustInters	39	24
getNumberOfClusterToSurfaceInteractions	getNumOClustTSurfInters	39	23
getNumberOfSurfaceToClusterInteractions	getNumOSurfTClustInters	39	23
getNumberOfSurfaceToSurfaceInteractions	getNumOSurfTSurfInters	39	22
hierarchicRefinementEvaluateInteraction	hierRefEvalInter	39	16
monteCarloRadiosityPatchComputeNewColor	mntCarloRadPtchCompNewClr	39	25
monteCarloRadiosityRegularSubdivideQuad	mntCarloRadRegSbdvdQuad	39	23
monteCarloRadiosityUpdateViewImportance	mntCarloRadUpdViewImp	39	21
randomWalkRadiosityDoGatheringIteration	rndmWalkRadDGthrnItrtn	39	22
stochasticRadiosityMultiplyCoefficients	stchsRadMltplCoeff	39	18
stochasticRaytracerGetScatteredRadiance	stchsRaytrcGetScttrRadn	39	23
STOCHASTIC_RELAXATION_RADIOSITY_METHOD	STCHS_RLXTN_RDSTY_MTHD	38	22
__PROJECTED_AREA_ACCUMULATOR_VISITOR__	PRJCT_AREA_ACCML_VSTR	38	21
__REVISED_TUMBLIN_RUSHMEIER_TONE_MAP__	RVSD_TMBLN_RSHMR_TONE_MAP	38	25
__STOCHASTIC_JACOBI_RADIOSITY_METHOD__	STCHS_JCB_RDSTY_MTHD	38	20
__STOCHASTIC_RAYTRACER_CALLBACK_DATA__	STCHS_RYTRC_CLLBC_DATA	38	22
__STOCHASTIC_RAYTRACING_CSEED_CONFIG__	STCHS_RYTRC_CSD_CNFG	38	20
__VISUAL_DEBUG_TOOLS_GLUT_DEBUG_MODE__	VSL_DBG_TLS_GLUT_DBG_MODE	38	25
hierarchicRefinementApproximationError	hierRefApprxErrr	38	16
hierarchicRefinementLinkErrorThreshold	hierRefLinkErrrThrsh	38	20
randomWalkRadiosityDoShootingIteration	rndmWalkRadDShootItrtn	38	22
sceneBuilderCollectGeometriesRecursive	sceneBldCollectGeomsRec	38	23
stochasticRadiosityElementPullRadiance	stchsRadElemPullRadn	38	20
stochasticRadiosityElementPushRadiance	stchsRadElemPushRadn	38	20
BidirectionalPathTracingConfiguration	BidirPathTraceConfig	37	20
DEFAULT_GAL_ITERATION_NOT_INITIALIZED	DF_GAL_ITRTN_NOT_INTLZ	37	22
MINIMUM_NUMBER_OF_PATCHES_PER_CLUSTER	MIN_NUM_O_PTCH_PER_CLST	37	23
__BINARY_MODEL_READER_VERTEX_RECORD__	BNRY_MDL_RDR_VRTX_RCRD	37	22
__COMMAND_LINE_CAMERA_OPTIONS_GROUP__	CMMND_LINE_CMR_OPTNS_GRP	37	24
__COMMAND_LINE_RENDER_OPTIONS_GROUP__	CMMND_LINE_RNDR_OPTNS_GRP	37	25
__DEPTH_VISIBILITY_GATHERER_VISITOR__	DPTH_VSBLT_GTHRR_VSTR	37	21
__PHOTON_MAP_DENSITY_CONTROL_OPTION__	PHTN_MAP_DNSTY_CNTRL_OPTN	37	25
__STOCHASTIC_RADIOSITY_ELEMENT_TYPE__	STCHS_RDSTY_ELMNT_TYPE	37	22
commandLineGeneralProgramParseOptions	cmmndLineGenProgParseOpts	37	25
computeAreaToAreaFormFactorVisibility	cmptAreaTAreaFormFactorVis	37	26
monteCarloRadiosityCreateClusterChild	mntCarloRadCreateClustChld	37	26
stochasticJacobiReceiverProjectedArea	stchsJacRecvPrjctArea	37	21
stochasticJacobiUniformHitCoordinates	stchsJacUnfrmHitCrdnt	37	21
DEFAULT_GAL_REL_LINK_ERROR_THRESHOLD	DF_GAL_REL_LINK_ERRR_THRSH	36	26
__BIDIRECTIONAL_PATH_TRACING_STATE__	BDRCT_PATH_TRCNG_STT	36	20
__BINARY_MODEL_READER_MODEL_RECORD__	BNRY_MDL_RDR_MDL_RCRD	36	21
__BINARY_MODEL_READER_PATCH_RECORD__	BNRY_MDL_RDR_PTCH_RCRD	36	22
__COMMAND_LINE_BATCH_OPTIONS_GROUP__	CMMND_LINE_BTCH_OPTNS_GRP	36	25
__OPENGL_RENDER_TRAVERSAL_CALLBACK__	OPNGL_RNDR_TRVRS_CLLBC	36	22
addElementToHierarchiesDeletionCache	addElemTHrrchDltnCch	36	20
hierarchicRefinementStoreInteraction	hierRefStoreInter	36	17
indirectImportanceWeightedUnShotFlux	indrcImpWghtdUnShotFlux	36	23
monteCarloRadiosityInstallCoordinate	mntCarloRadInstCoord	36	20
monteCarloRadiosityNewMidpointVertex	mntCarloRadNewMidVtx	36	20
monteCarloRadiosityScalarReflectance	mntCarloRadSclrRefl	36	19
randomWalkRadiosityScalarReflectance	rndmWalkRadSclrRefl	36	19
randomWalkRadiosityScalarSourcePower	rndmWalkRadSclrSrcPwr	36	21
sceneBuilderFillLightSourcePatchList	sceneBldFillLightSrcPtchList	36	28
stochasticRadiosityClearCoefficients	stchsRadClearCoeff	36	18
stochasticRadiosityElementIsTextured	stchsRadElemITex	36	16
stochasticRadiosityScaleCoefficients	stchsRadScaleCoeff	36	18
DEFAULT_NUMBER_OF_QUARTIC_DIVISIONS	DF_NUM_O_QRTC_DVSNS	35	19
MGF_ERROR_WRONG_NUMBER_OF_ARGUMENTS	MGF_ERRR_WRNG_NUM_O_ARGMN	35	25
OptionsGroupBidirectionalRaytracing	OptsGrpBidirRaytr	35	17
PropagateRadianceToClusterIsotropic	PropRadnTClustIstrp	35	19
__COMMAND_LINE_CORE_OPTIONS_GROUP__	CMMND_LINE_CORE_OPTNS_GRP	35	25
__STOCHASTIC_RAYTRACING_PATH_NODE__	STCHS_RYTRC_PATH_NODE	35	21
inNumberOfReceiverCubaturePositions	iNumORecvCbtrPstns	35	18
mgfDefaultHandlerForUnknownEntities	mgfDfltHndlrFUnknwEntts	35	23
monteCarloRadiosityDestroyPatchData	mntCarloRadDestroyPtchData	35	26
monteCarloRadiosityElementNeighbour	mntCarloRadElemNghbr	35	20
monteCarloRadiosityReInitImportance	mntCarloRadReInitImp	35	20
monteCarloRadiosityUpdateImportance	mntCarloRadUpdImp	35	17
photonMapDoComputePixelFluxEstimate	phtnMapDCompPxlFluxEstmt	35	24
sceneBuilderBuildBinaryFallbackPath	sceneBldBldBnryFllbcPath	35	24
sourceClusterRadianceVariationError	srcClustRadnVrtnErrr	35	20
stochasticJacobiPropagateImportance	stchsJacPropImp	35	15
stochasticJacobiPushUpdatePullChild	stchsJacPushUpdPullChld	35	23
stochasticJacobiPushUpdatePullSweep	stchsJacPushUpdPullSwp	35	22
stochasticRadiosityCopyCoefficients	stchsRadCopyCoeff	35	17
COLOR_NOMINAL_MAXIMUM_SAMPLE_VALUE	CLR_NOM_MAX_SMP_VAL	34	19
CommandLineToneMappingOptionsGroup	CmdLineToneMppngOptsGrp	34	23
PhongEmittanceDistributionFunction	PhongEmitDistFunc	34	17
StochasticRadiosityElementTypeInfo	StochRadElemTypeInfo	34	20
TONE_MAPPING_METHODS_STRING_LENGTH	TONE_MAP_MTHS_STR_LEN	34	21
__APPROXIMATION_TYPE_DESCRIPTION__	APPRX_TYPE_DSCRP	34	16
__FORM_FACTOR_CLUSTERED_STRATEGY__	FORM_FCTR_CLSTR_STRTG	34	21
evaluateProbabilityDensityFunction	evalProbDensFunc	34	16
galerkinElementReAllocCoefficients	glrknElemReAllcCoeff	34	20
inNumberOfBasisFunctionsOnReceiver	iNumOBasisFnctnORecv	34	20
monteCarloRadiosityCreatePatchData	mntCarloRadCreatePtchData	34	25
monteCarloRadiosityInitClusterPull	mntCarloRadInitClustPull	34	24
monteCarloRadiosityInitSurfacePush	mntCarloRadInitSurfPush	34	23
monteCarloRadiosityInstallTexCoord	mntCarloRadInstTexCoord	34	23
monteCarloRadiosityPullImportances	mntCarloRadPullImps	34	19
printGalerkinElementForPatchBridge	prntGalElemFPtchBrdg	34	20
randomWalkRadiosityGatheringUpdate	rndmWalkRadGthrnUpd	34	19
renderSecondarySelectedPatchMarker	rndrSecSelPtchMark	34	18
sceneBuilderApplyModelToMgfContext	sceneBldApplyMdlTMgfCtx	34	23
sceneBuilderCreateClusterHierarchy	sceneBldCreateClustHier	34	23
stochasticJacobiRefineAndPropagate	stchsJacRfnAProp	34	16
stochasticJacobiShootRaysRecursive	stchsJacShtRaysRec	34	18
stochasticRadiosityAddCoefficients	stchsRadAddCoeff	34	16
stochasticRadiosityCreateQuadBasis	stchsRadCreateQuadBasis	34	23
topLevelStochasticRadiosityElement	topLvlStochRadElem	34	18
MGF_ERROR_CAN_NOT_OPEN_INPUT_FILE	MGF_ERRR_CAN_NOT_OPEN_INPT_FILE	33	31
MGF_ERROR_UNMATCHED_CONTEXT_CLOSE	MGF_ERRR_UNMTC_CNTXT_CLS	33	24
OpenGlRenderPatchCallbackWithData	OpenGlRndrPtchCllbcWithData	33	27
StochasticRaytracingApproximation	StochRaytrApprx	33	15
StochasticRaytracingConfiguration	StochRaytrConfig	33	16
VERTEX_COMPARE_TEXTURE_COORDINATE	VRTX_CMPR_TXTR_CRDNT	33	20
__BOUNDING_BOX_COORDINATE_INDEX__	BNDNG_BOX_CRDNT_INDX	33	20
__JAVA_IO_BUFFERED_INPUT_STREAM__	JAVA_IO_BFFRD_INPT_STRM	33	23
__PHOTON_MAP_DC_ACCEPT_PDF_TYPE__	PHTN_MAP_DC_ACCPT_PDF_TYPE	33	26
accumulatedRussianRouletteFactors	accmlRssnRlttFctrs	33	18
complexToGeometricRefractionIndex	cmplxTGmtrcRfrctIndx	33	20
doHigherOrderAreaToAreaFormFactor	dHighOrdAreaTAreaFormFactor	33	27
geomListMultiResolutionVisibility	geomListMultiResVis	33	19
geometryMultiResolutionVisibility	geomMultiResVis	33	15
monteCarloRadiosityDestroyElement	mntCarloRadDestroyElem	33	22
numberOfReceiverCubaturePositions	nmbrORecvCbtrPstns	33	18
randomWalkRadiosityShootingUpdate	rndmWalkRadShootUpd	33	19
sceneBuilderFillFacesBackPointers	sceneBldFillFcsBackPntrs	33	24
sceneBuilderIsReadableRegularFile	sceneBldIReadRegFile	33	20
stochasticJacobiGetSourceRadiance	stchsJacGetSrcRadn	33	18
stochasticJacobiPropagateRadiance	stchsJacPropRadn	33	16
stochasticJacobiPullRdEdFromChild	stchsJacPullRdEdFromChld	33	24
stochasticRadiosityCreateTriBasis	stchsRadCreateTriBasis	33	22
stochasticRadiosityElementDestroy	stchsRadElemDestroy	33	19
surfaceProjectedAreaToSamplePoint	srfcPrjctAreaTSmplPnt	33	21
BidirectionalPathRaytracerConfig	BidirPathRaytrcCnfg	32	19
COLOR_DEFINED_WITH_SPECTRUM_FLAG	CLR_DFND_WITH_SPCTR_FLAG	32	24
MGF_ERROR_ILLEGAL_ARGUMENT_VALUE	MGF_ERRR_ILLGL_ARGMN_VAL	32	24
OptionsGroupStochasticRaytracing	OptsGrpStochRaytr	32	17
__GALERKIN_CLUSTERING_STRATEGY__	GLRKN_CLSTR_STRTG	32	17
__GALERKIN_ELEMENT_RENDER_MODE__	GLRKN_ELMNT_RNDR_MODE	32	21
__GATHERING_CLUSTERED_STRATEGY__	GTHRN_CLSTR_STRTG	32	17
__MGF_FACE_WITH_HOLES_GEOMETRY__	MGF_FACE_WITH_HLS_GMTRY	32	23
__PHOTON_MAP_IMPORTANCE_OPTION__	PHTN_MAP_IMPRT_OPTN	32	19
__STOCHASTIC_RADIOSITY_ELEMENT__	STCHS_RDSTY_ELMNT	32	17
__STOCHASTIC_RAYTRACER_OPTIONS__	STCHS_RYTRC_OPTNS	32	17
__STOCHASTIC_RAYTRACING_METHOD__	STCHS_RYTRC_MTHD	32	16
commandLineParseBackgroundOption	cmmndLineParseBgOpt	32	19
computeColorConversionTransforms	cmptClrConvXforms	32	17
computeOneLightImportanceVirtual	cmptOneLightImpVrtl	32	19
computeRegularFilterCoefficients	cmptRegFiltCoeff	32	16
drawSecondarySelectedPatchMarker	drawSecSelPtchMark	32	18
fileOptionsForceOneSidedSurfaces	fileOptsFrcOneSddSrfcs	32	22
hierarchicRefinementColorToError	hierRefClrTErrr	32	15
inNumberOfBasisFunctionsOnSource	iNumOBasisFnctnOSrc	32	19
initialControlRadiosityRecursive	initCtrlRadRec	32	14
monteCarloRadiosityCreateCluster	mntCarloRadCreateClust	32	22
monteCarloRadiosityInstallNormal	mntCarloRadInstNorm	32	19
monteCarloRadiosityInstallVertex	mntCarloRadInstVtx	32	18
monteCarloRadiosityUpdateCpuSecs	mntCarloRadUpdCpuSecs	32	21
numberOfBasisFunctionsOnReceiver	nmbrOBasisFnctnORecv	32	20
openGlMissingToneMapWarningShown	openGlMssngToneMapWrnngShwn	32	27
randomWalkRadiosityShootingScore	rndmWalkRadShootScr	32	19
sceneBuilderPatchAccumulateStats	sceneBldPtchAccumStats	32	22
sceneBuilderValidateReadableFile	sceneBldValReadFile	32	19
stochasticJacobiElementShootRays	stchsJacElemShtRays	32	19
stochasticJacobiInitPushRayIndex	stchsJacInitPushRayIndx	32	23
