old_path,new_path_8_3,old_name,new_name_8_3
CMakeLists.txt,CMALIKES.TXT,CMakeLists.txt,CMALIKES.TXT
README.md,READMERE.MD,README.md,READMERE.MD
doc/turboc_all_identifiers_31char_renames.tsv,doc/TUALID31.TSV,turboc_all_identifiers_31char_renames.tsv,TUALID31.TSV
doc/turboc_oop_elements_31char_renames.tsv,doc/TUOOEL31.TSV,turboc_oop_elements_31char_renames.tsv,TUOOEL31.TSV
scripts/01_runCube.sh,scripts/01RUCUNB.SH,01_runCube.sh,01RUCUNB.SH
scripts/02_runCorridor.sh,scripts/02RUCONR.SH,02_runCorridor.sh,02RUCONR.SH
scripts/03_runHospital.sh,scripts/03RUHONS.SH,03_runHospital.sh,03RUHONS.SH
scripts/04_runOffice1.sh,scripts/04RUOF1N.SH,04_runOffice1.sh,04RUOF1N.SH
scripts/05_runOffice2.sh,scripts/05RUOF2N.SH,05_runOffice2.sh,05RUOF2N.SH
scripts/06_runOffice3.sh,scripts/06RUOF3N.SH,06_runOffice3.sh,06RUOF3N.SH
scripts/07_runSalonDeClase.sh,scripts/07RUSADE.SH,07_runSalonDeClase.sh,07RUSADE.SH
scripts/08_runSoda.sh,scripts/08RUSOND.SH,08_runSoda.sh,08RUSOND.SH
scripts/10_floorRayMatting.sh,scripts/10FLRAMA.SH,10_floorRayMatting.sh,10FLRAMA.SH
scripts/11_floorRayCasting.sh,scripts/11FLRACA.SH,11_floorRayCasting.sh,11FLRACA.SH
scripts/12_floorBidirectionalPathTracing.sh,scripts/12FLBIPA.SH,12_floorBidirectionalPathTracing.sh,12FLBIPA.SH
scripts/13_floorStochasticRaytracingRandomWalk.sh,scripts/13FLSTRA.SH,13_floorStochasticRaytracingRandomWalk.sh,13FLSTRA.SH
scripts/14_floorStochasticRaytracingJacobi.sh,scripts/14FLSTRA.SH,14_floorStochasticRaytracingJacobi.sh,14FLSTRA.SH
scripts/21_tonemap_Ward.sh,scripts/21TOWANE.SH,21_tonemap_Ward.sh,21TOWANE.SH
scripts/22_tonemap_TumblinRushmeier.sh,scripts/22TOTURU.SH,22_tonemap_TumblinRushmeier.sh,22TOTURU.SH
scripts/clean.sh,scripts/CLEANCLE.SH,clean.sh,CLEANCLE.SH
scripts/compile.sh,scripts/COMPILEC.SH,compile.sh,COMPILEC.SH
scripts/count.sh,scripts/COUNTCOU.SH,count.sh,COUNTCOU.SH
scripts/delta/CMakeLists.txt,scripts/delta/CMALIKES.TXT,CMakeLists.txt,CMALIKE2.TXT
scripts/delta/src/ImageComparator.cpp,scripts/delta/src/IMCOAGEM.CPP,ImageComparator.cpp,IMCOAGEM.CPP
scripts/delta/src/ImageComparator.h,scripts/delta/src/IMCOAGEM.H,ImageComparator.h,IMCOAGEM.H
scripts/delta/src/ImagePPM.cpp,scripts/delta/src/IMPPAGEM.CPP,ImagePPM.cpp,IMPPAGEM.CPP
scripts/delta/src/ImagePPM.h,scripts/delta/src/IMPPAGEM.H,ImagePPM.h,IMPPAGEM.H
scripts/delta/src/PPMReader.cpp,scripts/delta/src/PPREMADE.CPP,PPMReader.cpp,PPREMADE.CPP
scripts/delta/src/PPMReader.h,scripts/delta/src/PPREMADE.H,PPMReader.h,PPREMADE.H
scripts/delta/src/PPMWriter.cpp,scripts/delta/src/PPWRMITE.CPP,PPMWriter.cpp,PPWRMITE.CPP
scripts/delta/src/PPMWriter.h,scripts/delta/src/PPWRMITE.H,PPMWriter.h,PPWRMITE.H
scripts/delta/src/PixelRGB.cpp,scripts/delta/src/PIRGXELB.CPP,PixelRGB.cpp,PIRGXELB.CPP
scripts/delta/src/PixelRGB.h,scripts/delta/src/PIRGXELB.H,PixelRGB.h,PIRGXELB.H
scripts/delta/src/Stats.cpp,scripts/delta/src/STATSSTA.CPP,Stats.cpp,STATSSTA.CPP
scripts/delta/src/Stats.h,scripts/delta/src/STATSSTA.H,Stats.h,STATSSTA.H
scripts/delta/src/imageDiff.cpp,scripts/delta/src/IMDIAGEF.CPP,imageDiff.cpp,IMDIAGEF.CPP
scripts/dependencyGraphBuilder/CMakeLists.txt,scripts/dependencyGraphBuilder/CMALIKES.TXT,CMakeLists.txt,CMALIKE3.TXT
scripts/dependencyGraphBuilder/src/main.cpp,scripts/dependencyGraphBuilder/src/MAINMAIN.CPP,main.cpp,MAINMAIN.CPP
scripts/loadWatcher/CMakeLists.txt,scripts/loadWatcher/CMALIKES.TXT,CMakeLists.txt,CMALIKE4.TXT
scripts/loadWatcher/src/LoadWatcher.cpp,scripts/loadWatcher/src/LOWAADTC.CPP,LoadWatcher.cpp,LOWAADTC.CPP
scripts/loadWatcher/src/LoadWatcher.h,scripts/loadWatcher/src/LOWAADTC.H,LoadWatcher.h,LOWAADTC.H
scripts/loadWatcher/src/ProcReader.cpp,scripts/loadWatcher/src/PRREOCAD.CPP,ProcReader.cpp,PRREOCAD.CPP
scripts/loadWatcher/src/ProcReader.h,scripts/loadWatcher/src/PRREOCAD.H,ProcReader.h,PRREOCAD.H
scripts/loadWatcher/src/ProcessSnapshot.h,scripts/loadWatcher/src/PRSNOCES.H,ProcessSnapshot.h,PRSNOCES.H
scripts/loadWatcher/src/main.cpp,scripts/loadWatcher/src/MAINMAIN.CPP,main.cpp,MAINMAI2.CPP
scripts/makeCallGraph.sh,scripts/MACAGRKE.SH,makeCallGraph.sh,MACAGRKE.SH
scripts/measureTestTimesElapsed.sh,scripts/METETIEL.SH,measureTestTimesElapsed.sh,METETIEL.SH
scripts/runAll.sh,scripts/RUALNLRU.SH,runAll.sh,RUALNLRU.SH
scripts/search.sh,scripts/SEARCHSE.SH,search.sh,SEARCHSE.SH
scripts/testReviewResults.sh,scripts/TEREREST.SH,testReviewResults.sh,TEREREST.SH
testsuite/ApplicationCases/RenderparkApplication/src/app/Adaptation.cpp,testsuite/ApplicationCases/RenderparkApplication/src/app/ADAPTATI.CPP,Adaptation.cpp,ADAPTATI.CPP
testsuite/ApplicationCases/RenderparkApplication/src/app/Adaptation.h,testsuite/ApplicationCases/RenderparkApplication/src/app/ADAPTATI.H,Adaptation.h,ADAPTATI.H
testsuite/ApplicationCases/RenderparkApplication/src/app/Batch.cpp,testsuite/ApplicationCases/RenderparkApplication/src/app/BATCHBAT.CPP,Batch.cpp,BATCHBAT.CPP
testsuite/ApplicationCases/RenderparkApplication/src/app/Batch.h,testsuite/ApplicationCases/RenderparkApplication/src/app/BATCHBAT.H,Batch.h,BATCHBAT.H
testsuite/ApplicationCases/RenderparkApplication/src/app/LuminanceArea.h,testsuite/ApplicationCases/RenderparkApplication/src/app/LUARMINA.H,LuminanceArea.h,LUARMINA.H
testsuite/ApplicationCases/RenderparkApplication/src/app/Main.cpp,testsuite/ApplicationCases/RenderparkApplication/src/app/MAINMAIN.CPP,Main.cpp,MAINMAI3.CPP
testsuite/ApplicationCases/RenderparkApplication/src/app/Radiance.cpp,testsuite/ApplicationCases/RenderparkApplication/src/app/RADIANCE.CPP,Radiance.cpp,RADIANCE.CPP
testsuite/ApplicationCases/RenderparkApplication/src/app/Radiance.h,testsuite/ApplicationCases/RenderparkApplication/src/app/RADIANCE.H,Radiance.h,RADIANCE.H
testsuite/ApplicationCases/RenderparkApplication/src/app/Raytrace.cpp,testsuite/ApplicationCases/RenderparkApplication/src/app/RAYTRACE.CPP,Raytrace.cpp,RAYTRACE.CPP
testsuite/ApplicationCases/RenderparkApplication/src/app/Raytrace.h,testsuite/ApplicationCases/RenderparkApplication/src/app/RAYTRACE.H,Raytrace.h,RAYTRACE.H
testsuite/ApplicationCases/RenderparkApplication/src/app/RpkApplication.cpp,testsuite/ApplicationCases/RenderparkApplication/src/app/RPAPKPLI.CPP,RpkApplication.cpp,RPAPKPLI.CPP
testsuite/ApplicationCases/RenderparkApplication/src/app/RpkApplication.h,testsuite/ApplicationCases/RenderparkApplication/src/app/RPAPKPLI.H,RpkApplication.h,RPAPKPLI.H
testsuite/ApplicationCases/RenderparkApplication/src/app/SceneBuilder.cpp,testsuite/ApplicationCases/RenderparkApplication/src/app/SCBUENEI.CPP,SceneBuilder.cpp,SCBUENEI.CPP
testsuite/ApplicationCases/RenderparkApplication/src/app/SceneBuilder.h,testsuite/ApplicationCases/RenderparkApplication/src/app/SCBUENEI.H,SceneBuilder.h,SCBUENEI.H
testsuite/ApplicationCases/RenderparkApplication/src/app/options/BatchOptions.cpp,testsuite/ApplicationCases/RenderparkApplication/src/app/options/BAOPTCHT.CPP,BatchOptions.cpp,BAOPTCHT.CPP
testsuite/ApplicationCases/RenderparkApplication/src/app/options/BatchOptions.h,testsuite/ApplicationCases/RenderparkApplication/src/app/options/BAOPTCHT.H,BatchOptions.h,BAOPTCHT.H
testsuite/ApplicationCases/RenderparkApplication/src/app/options/EnumAppOptions.h,testsuite/ApplicationCases/RenderparkApplication/src/app/options/ENAPOPUM.H,EnumAppOptions.h,ENAPOPUM.H
testsuite/ApplicationCases/RenderparkApplication/src/app/options/EnumBackgroundMode.h,testsuite/ApplicationCases/RenderparkApplication/src/app/options/ENBAMOUM.H,EnumBackgroundMode.h,ENBAMOUM.H
testsuite/ApplicationCases/RenderparkApplication/src/app/options/EnumDesc.h,testsuite/ApplicationCases/RenderparkApplication/src/app/options/ENDEUMSC.H,EnumDesc.h,ENDEUMSC.H
testsuite/ApplicationCases/RenderparkApplication/src/app/options/OptionsGroupBatch.cpp,testsuite/ApplicationCases/RenderparkApplication/src/app/options/OPGRBATI.CPP,OptionsGroupBatch.cpp,OPGRBATI.CPP
testsuite/ApplicationCases/RenderparkApplication/src/app/options/OptionsGroupBatch.h,testsuite/ApplicationCases/RenderparkApplication/src/app/options/OPGRBATI.H,OptionsGroupBatch.h,OPGRBATI.H
testsuite/ApplicationCases/RenderparkApplication/src/app/options/OptionsGroupBidirectionalRaytracing.cpp,testsuite/ApplicationCases/RenderparkApplication/src/app/options/OPGRBIRA.CPP,OptionsGroupBidirectionalRaytracing.cpp,OPGRBIRA.CPP
testsuite/ApplicationCases/RenderparkApplication/src/app/options/OptionsGroupBidirectionalRaytracing.h,testsuite/ApplicationCases/RenderparkApplication/src/app/options/OPGRBIRA.H,OptionsGroupBidirectionalRaytracing.h,OPGRBIRA.H
testsuite/ApplicationCases/RenderparkApplication/src/app/options/OptionsGroupCamera.cpp,testsuite/ApplicationCases/RenderparkApplication/src/app/options/OPGRCATI.CPP,OptionsGroupCamera.cpp,OPGRCATI.CPP
testsuite/ApplicationCases/RenderparkApplication/src/app/options/OptionsGroupCamera.h,testsuite/ApplicationCases/RenderparkApplication/src/app/options/OPGRCATI.H,OptionsGroupCamera.h,OPGRCATI.H
testsuite/ApplicationCases/RenderparkApplication/src/app/options/OptionsGroupCore.cpp,testsuite/ApplicationCases/RenderparkApplication/src/app/options/OPGRCOTI.CPP,OptionsGroupCore.cpp,OPGRCOTI.CPP
testsuite/ApplicationCases/RenderparkApplication/src/app/options/OptionsGroupCore.h,testsuite/ApplicationCases/RenderparkApplication/src/app/options/OPGRCOTI.H,OptionsGroupCore.h,OPGRCOTI.H
testsuite/ApplicationCases/RenderparkApplication/src/app/options/OptionsGroupGalerkin.cpp,testsuite/ApplicationCases/RenderparkApplication/src/app/options/OPGRGATI.CPP,OptionsGroupGalerkin.cpp,OPGRGATI.CPP
testsuite/ApplicationCases/RenderparkApplication/src/app/options/OptionsGroupGalerkin.h,testsuite/ApplicationCases/RenderparkApplication/src/app/options/OPGRGATI.H,OptionsGroupGalerkin.h,OPGRGATI.H
testsuite/ApplicationCases/RenderparkApplication/src/app/options/OptionsGroupPhotonMap.cpp,testsuite/ApplicationCases/RenderparkApplication/src/app/options/OPGRPHMA.CPP,OptionsGroupPhotonMap.cpp,OPGRPHMA.CPP
testsuite/ApplicationCases/RenderparkApplication/src/app/options/OptionsGroupPhotonMap.h,testsuite/ApplicationCases/RenderparkApplication/src/app/options/OPGRPHMA.H,OptionsGroupPhotonMap.h,OPGRPHMA.H
testsuite/ApplicationCases/RenderparkApplication/src/app/options/OptionsGroupRadiance.cpp,testsuite/ApplicationCases/RenderparkApplication/src/app/options/OPGRRATI.CPP,OptionsGroupRadiance.cpp,OPGRRATI.CPP
testsuite/ApplicationCases/RenderparkApplication/src/app/options/OptionsGroupRadiance.h,testsuite/ApplicationCases/RenderparkApplication/src/app/options/OPGRRATI.H,OptionsGroupRadiance.h,OPGRRATI.H
testsuite/ApplicationCases/RenderparkApplication/src/app/options/OptionsGroupRadianceMethod.cpp,testsuite/ApplicationCases/RenderparkApplication/src/app/options/OPGRRAME.CPP,OptionsGroupRadianceMethod.cpp,OPGRRAME.CPP
testsuite/ApplicationCases/RenderparkApplication/src/app/options/OptionsGroupRadianceMethod.h,testsuite/ApplicationCases/RenderparkApplication/src/app/options/OPGRRAME.H,OptionsGroupRadianceMethod.h,OPGRRAME.H
testsuite/ApplicationCases/RenderparkApplication/src/app/options/OptionsGroupRandomWalkRadiosity.cpp,testsuite/ApplicationCases/RenderparkApplication/src/app/options/OPGRRAWA.CPP,OptionsGroupRandomWalkRadiosity.cpp,OPGRRAWA.CPP
testsuite/ApplicationCases/RenderparkApplication/src/app/options/OptionsGroupRandomWalkRadiosity.h,testsuite/ApplicationCases/RenderparkApplication/src/app/options/OPGRRAWA.H,OptionsGroupRandomWalkRadiosity.h,OPGRRAWA.H
testsuite/ApplicationCases/RenderparkApplication/src/app/options/OptionsGroupRayMatter.cpp,testsuite/ApplicationCases/RenderparkApplication/src/app/options/OPGRRAMA.CPP,OptionsGroupRayMatter.cpp,OPGRRAMA.CPP
testsuite/ApplicationCases/RenderparkApplication/src/app/options/OptionsGroupRayMatter.h,testsuite/ApplicationCases/RenderparkApplication/src/app/options/OPGRRAMA.H,OptionsGroupRayMatter.h,OPGRRAMA.H
testsuite/ApplicationCases/RenderparkApplication/src/app/options/OptionsGroupRaytracing.cpp,testsuite/ApplicationCases/RenderparkApplication/src/app/options/OPGRRA~1.CPP,OptionsGroupRaytracing.cpp,OPGRRA~1.CPP
testsuite/ApplicationCases/RenderparkApplication/src/app/options/OptionsGroupRaytracing.h,testsuite/ApplicationCases/RenderparkApplication/src/app/options/OPGRRA~1.H,OptionsGroupRaytracing.h,OPGRRA~1.H
testsuite/ApplicationCases/RenderparkApplication/src/app/options/OptionsGroupRaytracingMethod.cpp,testsuite/ApplicationCases/RenderparkApplication/src/app/options/OPGRRA~2.CPP,OptionsGroupRaytracingMethod.cpp,OPGRRA~2.CPP
testsuite/ApplicationCases/RenderparkApplication/src/app/options/OptionsGroupRaytracingMethod.h,testsuite/ApplicationCases/RenderparkApplication/src/app/options/OPGRRA~2.H,OptionsGroupRaytracingMethod.h,OPGRRA~2.H
testsuite/ApplicationCases/RenderparkApplication/src/app/options/OptionsGroupRender.cpp,testsuite/ApplicationCases/RenderparkApplication/src/app/options/OPGRRETI.CPP,OptionsGroupRender.cpp,OPGRRETI.CPP
testsuite/ApplicationCases/RenderparkApplication/src/app/options/OptionsGroupRender.h,testsuite/ApplicationCases/RenderparkApplication/src/app/options/OPGRRETI.H,OptionsGroupRender.h,OPGRRETI.H
testsuite/ApplicationCases/RenderparkApplication/src/app/options/OptionsGroupStochasticRaytracing.cpp,testsuite/ApplicationCases/RenderparkApplication/src/app/options/OPGRSTRA.CPP,OptionsGroupStochasticRaytracing.cpp,OPGRSTRA.CPP
testsuite/ApplicationCases/RenderparkApplication/src/app/options/OptionsGroupStochasticRaytracing.h,testsuite/ApplicationCases/RenderparkApplication/src/app/options/OPGRSTRA.H,OptionsGroupStochasticRaytracing.h,OPGRSTRA.H
testsuite/ApplicationCases/RenderparkApplication/src/app/options/OptionsGroupStochasticRelaxationRadiosity.cpp,testsuite/ApplicationCases/RenderparkApplication/src/app/options/OPGRSTRE.CPP,OptionsGroupStochasticRelaxationRadiosity.cpp,OPGRSTRE.CPP
testsuite/ApplicationCases/RenderparkApplication/src/app/options/OptionsGroupStochasticRelaxationRadiosity.h,testsuite/ApplicationCases/RenderparkApplication/src/app/options/OPGRSTRE.H,OptionsGroupStochasticRelaxationRadiosity.h,OPGRSTRE.H
testsuite/ApplicationCases/RenderparkApplication/src/app/options/OptionsGroupToneMapping.cpp,testsuite/ApplicationCases/RenderparkApplication/src/app/options/OPGRTOMA.CPP,OptionsGroupToneMapping.cpp,OPGRTOMA.CPP
testsuite/ApplicationCases/RenderparkApplication/src/app/options/OptionsGroupToneMapping.h,testsuite/ApplicationCases/RenderparkApplication/src/app/options/OPGRTOMA.H,OptionsGroupToneMapping.h,OPGRTOMA.H
base/src/common/color/Cie.cpp,base/src/common/CIECIEFI.CPP,Cie.cpp,CIECIEFI.CPP
base/src/common/color/Cie.h,base/src/common/CIECIEFI.H,Cie.h,CIECIEFI.H
base/src/common/color/ColorRgb.cpp,base/src/common/CORGLORB.CPP,ColorRgb.cpp,CORGLORB.CPP
base/src/common/color/ColorRgb.h,base/src/common/CORGLORB.H,ColorRgb.h,CORGLORB.H
base/src/common/memoryManagement/CppReAlloc.cpp,base/src/common/memoryManagement/CPREALPL.CPP,CppReAlloc.cpp,CPREALPL.CPP
base/src/common/memoryManagement/CppReAlloc.h,base/src/common/memoryManagement/CPREALPL.H,CppReAlloc.h,CPREALPL.H
base/src/common/logging/Logger.cpp,base/src/common/logging/LOGGERER.CPP,Logger.cpp,LOGGERER.CPP
base/src/common/logging/Logger.h,base/src/common/logging/LOGGERER.H,Logger.h,LOGGERER.H
base/src/material/RendererConfiguration.cpp,base/src/common/REOPNDER.CPP,RenderOptions.cpp,REOPNDER.CPP
base/src/material/RendererConfiguration.h,base/src/common/REOPNDER.H,RenderOptions.h,REOPNDER.H
base/src/raycasting/common/StratifiedSampling2D.cpp,base/src/common/STSA2DRA.CPP,StratifiedSampling2D.cpp,STSA2DRA.CPP
base/src/raycasting/common/StratifiedSampling2D.h,base/src/common/STSA2DRA.H,StratifiedSampling2D.h,STSA2DRA.H
base/src/common/commandLineOptions/DefaultParser.h,base/src/common/commandLineOptions/DEPAFAUL.H,DefaultParser.h,DEPAFAUL.H
base/src/common/commandLineOptions/OptionGroup.h,base/src/common/commandLineOptions/OPGRTION.H,OptionGroup.h,OPGRTION.H
base/src/common/commandLineOptions/OptionGroup.txx,base/src/common/commandLineOptions/OPGRTION.TXX,OptionGroup.txx,OPGRTION.TXX
base/src/common/commandLineOptions/OptionParser.h,base/src/common/commandLineOptions/OPPATION.H,OptionParser.h,OPPATION.H
base/src/common/commandLineOptions/OptionParser.txx,base/src/common/commandLineOptions/OPPATION.TXX,OptionParser.txx,OPPATION.TXX
base/src/common/commandLineOptions/TypedOption.h,base/src/common/commandLineOptions/TYOPPEDT.H,TypedOption.h,TYOPPEDT.H
base/src/common/commandLineOptions/TypedOption.txx,base/src/common/commandLineOptions/TYOPPEDT.TXX,TypedOption.txx,TYOPPEDT.TXX
base/src/common/dataStructures/BalancedKDTreeNode.h,base/src/common/dataStructures/BAKDTRNO.H,BalancedKDTreeNode.h,BAKDTRNO.H
base/src/common/dataStructures/CircularList.h,base/src/common/dataStructures/CILIRCUL.H,CircularList.h,CILIRCUL.H
base/src/common/dataStructures/CircularListBase.cpp,base/src/common/dataStructures/CILIBARC.CPP,CircularListBase.cpp,CILIBARC.CPP
base/src/common/dataStructures/CircularListBase.h,base/src/common/dataStructures/CILIBARC.H,CircularListBase.h,CILIBARC.H
base/src/common/dataStructures/CircularListBaseIterator.cpp,base/src/common/dataStructures/CILIBAIT.CPP,CircularListBaseIterator.cpp,CILIBAIT.CPP
base/src/common/dataStructures/CircularListBaseIterator.h,base/src/common/dataStructures/CILIBAIT.H,CircularListBaseIterator.h,CILIBAIT.H
base/src/common/dataStructures/CircularListIterator.h,base/src/common/dataStructures/CILIITRC.H,CircularListIterator.h,CILIITRC.H
base/src/common/dataStructures/CircularListLink.cpp,base/src/common/dataStructures/CILILIRC.CPP,CircularListLink.cpp,CILILIRC.CPP
base/src/common/dataStructures/CircularListLink.h,base/src/common/dataStructures/CILILIRC.H,CircularListLink.h,CILILIRC.H
base/src/common/dataStructures/CircularListNode.h,base/src/common/dataStructures/CILINORC.H,CircularListNode.h,CILINORC.H
base/src/common/dataStructures/KDQuery.cpp,base/src/common/dataStructures/KDQUERYK.CPP,KDQuery.cpp,KDQUERYK.CPP
base/src/common/dataStructures/KDQuery.h,base/src/common/dataStructures/KDQUERYK.H,KDQuery.h,KDQUERYK.H
base/src/common/dataStructures/KDTree.cpp,base/src/common/dataStructures/KDTREEKD.CPP,KDTree.cpp,KDTREEKD.CPP
base/src/common/dataStructures/KDTree.h,base/src/common/dataStructures/KDTREEKD.H,KDTree.h,KDTREEKD.H
base/src/common/dataStructures/KDTreeNode.h,base/src/common/dataStructures/KDTRNOEE.H,KDTreeNode.h,KDTRNOEE.H
base/src/common/dataStructures/LookUpBehaviors.h,base/src/common/dataStructures/LOUPBEOK.H,LookUpBehaviors.h,LOUPBEOK.H
base/src/common/dataStructures/LookUpEntity.h,base/src/common/dataStructures/LOUPENOK.H,LookUpEntity.h,LOUPENOK.H
base/src/common/dataStructures/LookUpTable.h,base/src/common/dataStructures/LOUPTAOK.H,LookUpTable.h,LOUPTAOK.H
base/src/common/dataStructures/LookUpTable.txx,base/src/common/dataStructures/LOUPTAOK.TXX,LookUpTable.txx,LOUPTAOK.TXX
base/src/common/linealAlgebra/CoordinateAxis.h,base/src/common/linealAlgebra/COAXORDI.H,CoordinateAxis.h,COAXORDI.H
base/src/common/linealAlgebra/CoordinateSystem.cpp,base/src/common/linealAlgebra/COSYORDI.CPP,CoordinateSystem.cpp,COSYORDI.CPP
base/src/common/linealAlgebra/CoordinateSystem.h,base/src/common/linealAlgebra/COSYORDI.H,CoordinateSystem.h,COSYORDI.H
base/src/common/linealAlgebra/Jacobian.cpp,base/src/common/linealAlgebra/JACOBIAN.CPP,Jacobian.cpp,JACOBIAN.CPP
base/src/common/linealAlgebra/Jacobian.h,base/src/common/linealAlgebra/JACOBIAN.H,Jacobian.h,JACOBIAN.H
base/src/common/linealAlgebra/Matrix2x2.cpp,base/src/common/linealAlgebra/MA2X2TRI.CPP,Matrix2x2.cpp,MA2X2TRI.CPP
base/src/common/linealAlgebra/Matrix2x2.h,base/src/common/linealAlgebra/MA2X2TRI.H,Matrix2x2.h,MA2X2TRI.H
base/src/common/linealAlgebra/Matrix4x4.cpp,base/src/common/linealAlgebra/MA4X4TRI.CPP,Matrix4x4.cpp,MA4X4TRI.CPP
base/src/common/linealAlgebra/Matrix4x4.h,base/src/common/linealAlgebra/MA4X4TRI.H,Matrix4x4.h,MA4X4TRI.H
base/src/common/linealAlgebra/Matrix4x4d.cpp,base/src/common/linealAlgebra/MA4X4DTR.CPP,Matrix4x4d.cpp,MA4X4DTR.CPP
base/src/common/linealAlgebra/Matrix4x4d.h,base/src/common/linealAlgebra/MA4X4DTR.H,Matrix4x4d.h,MA4X4DTR.H
base/src/common/linealAlgebra/Numeric.cpp,base/src/common/linealAlgebra/NUMERICN.CPP,Numeric.cpp,NUMERICN.CPP
base/src/common/linealAlgebra/Numeric.h,base/src/common/linealAlgebra/NUMERICN.H,Numeric.h,NUMERICN.H
base/src/common/linealAlgebra/Ray.h,base/src/common/linealAlgebra/RAYRAYFI.H,Ray.h,RAYRAYFI.H
base/src/common/linealAlgebra/Vector2D.h,base/src/common/linealAlgebra/VE2DCTOR.H,Vector2D.h,VE2DCTOR.H
base/src/common/linealAlgebra/Vector2Dd.h,base/src/common/linealAlgebra/VE2DDCTO.H,Vector2Dd.h,VE2DDCTO.H
base/src/common/linealAlgebra/Vector3D.cpp,base/src/common/linealAlgebra/VE3DCTOR.CPP,Vector3D.cpp,VE3DCTOR.CPP
base/src/common/linealAlgebra/Vector3D.h,base/src/common/linealAlgebra/VE3DCTOR.H,Vector3D.h,VE3DCTOR.H
base/src/common/linealAlgebra/Vector3Dd.cpp,base/src/common/linealAlgebra/VE3DDCTO.CPP,Vector3Dd.cpp,VE3DDCTO.CPP
base/src/common/linealAlgebra/Vector3Dd.h,base/src/common/linealAlgebra/VE3DDCTO.H,Vector3Dd.h,VE3DDCTO.H
base/src/common/linealAlgebra/Vector4D.h,base/src/common/linealAlgebra/VE4DCTOR.H,Vector4D.h,VE4DCTOR.H
base/src/common/statistics/PotentialStatistics.cpp,base/src/common/statistics/POSTTENT.CPP,PotentialStatistics.cpp,POSTTENT.CPP
base/src/common/statistics/PotentialStatistics.h,base/src/common/statistics/POSTTENT.H,PotentialStatistics.h,POSTTENT.H
base/src/common/statistics/RadianceStatistics.cpp,base/src/common/statistics/RASTDIAN.CPP,RadianceStatistics.cpp,RASTDIAN.CPP
base/src/common/statistics/RadianceStatistics.h,base/src/common/statistics/RASTDIAN.H,RadianceStatistics.h,RASTDIAN.H
base/src/common/statistics/RayTracerStatistics.cpp,base/src/common/statistics/RATRSTYA.CPP,RayTracerStatistics.cpp,RATRSTYA.CPP
base/src/common/statistics/RayTracerStatistics.h,base/src/common/statistics/RATRSTYA.H,RayTracerStatistics.h,RATRSTYA.H
base/src/common/statistics/ReaderStatistics.cpp,base/src/common/statistics/RESTADER.CPP,ReaderStatistics.cpp,RESTADER.CPP
base/src/common/statistics/ReaderStatistics.h,base/src/common/statistics/RESTADER.H,ReaderStatistics.h,RESTADER.H
base/src/common/statistics/ShadowStatistics.cpp,base/src/common/statistics/SHSTADOW.CPP,ShadowStatistics.cpp,SHSTADOW.CPP
base/src/common/statistics/ShadowStatistics.h,base/src/common/statistics/SHSTADOW.H,ShadowStatistics.h,SHSTADOW.H
base/src/common/statistics/Statistics.cpp,base/src/common/statistics/STATISTI.CPP,Statistics.cpp,STATISTI.CPP
base/src/common/statistics/Statistics.h,base/src/common/statistics/STATISTI.H,Statistics.h,STATISTI.H
base/src/galerkin/BasisQuadGalerkin.cpp,base/src/galerkin/BAQUGASI.CPP,BasisQuadGalerkin.cpp,BAQUGASI.CPP
base/src/galerkin/BasisQuadGalerkin.h,base/src/galerkin/BAQUGASI.H,BasisQuadGalerkin.h,BAQUGASI.H
base/src/galerkin/BasisTriGalerkin.cpp,base/src/galerkin/BATRGASI.CPP,BasisTriGalerkin.cpp,BATRGASI.CPP
base/src/galerkin/BasisTriGalerkin.h,base/src/galerkin/BATRGASI.H,BasisTriGalerkin.h,BATRGASI.H
base/src/galerkin/GalerkinBasis.cpp,base/src/galerkin/GABALERK.CPP,GalerkinBasis.cpp,GABALERK.CPP
base/src/galerkin/GalerkinBasis.h,base/src/galerkin/GABALERK.H,GalerkinBasis.h,GABALERK.H
base/src/galerkin/GalerkinBasisType.h,base/src/galerkin/GABATYLE.H,GalerkinBasisType.h,GABATYLE.H
base/src/galerkin/GalerkinClusteringStrategy.h,base/src/galerkin/GACLSTLE.H,GalerkinClusteringStrategy.h,GACLSTLE.H
base/src/galerkin/GalerkinElement.cpp,base/src/galerkin/GAELLERK.CPP,GalerkinElement.cpp,GAELLERK.CPP
base/src/galerkin/GalerkinElement.h,base/src/galerkin/GAELLERK.H,GalerkinElement.h,GAELLERK.H
base/src/galerkin/GalerkinElementRenderMode.h,base/src/galerkin/GAELREMO.H,GalerkinElementRenderMode.h,GAELREMO.H
base/src/galerkin/GalerkinErrorNorm.h,base/src/galerkin/GAERNOLE.H,GalerkinErrorNorm.h,GAERNOLE.H
base/src/galerkin/GalerkinIterationMethod.h,base/src/galerkin/GAITMELE.H,GalerkinIterationMethod.h,GAITMELE.H
base/src/galerkin/GalerkinRadianceMethod.cpp,base/src/galerkin/GARAMELE.CPP,GalerkinRadianceMethod.cpp,GARAMELE.CPP
base/src/galerkin/GalerkinRadianceMethod.h,base/src/galerkin/GARAMELE.H,GalerkinRadianceMethod.h,GARAMELE.H
base/src/galerkin/GalerkinRole.h,base/src/galerkin/GAROLERK.H,GalerkinRole.h,GAROLERK.H
base/src/galerkin/GalerkinShaftCullMode.h,base/src/galerkin/GASHCUMO.H,GalerkinShaftCullMode.h,GASHCUMO.H
base/src/galerkin/GalerkinState.cpp,base/src/galerkin/GASTLERK.CPP,GalerkinState.cpp,GASTLERK.CPP
base/src/galerkin/GalerkinState.h,base/src/galerkin/GASTLERK.H,GalerkinState.h,GASTLERK.H
base/src/galerkin/Interaction.cpp,base/src/galerkin/INTERACT.CPP,Interaction.cpp,INTERACT.CPP
base/src/galerkin/Interaction.h,base/src/galerkin/INTERACT.H,Interaction.h,INTERACT.H
base/src/galerkin/ShadowCache.cpp,base/src/galerkin/SHCAADOW.CPP,ShadowCache.cpp,SHCAADOW.CPP
base/src/galerkin/ShadowCache.h,base/src/galerkin/SHCAADOW.H,ShadowCache.h,SHCAADOW.H
base/src/galerkin/Shaft.cpp,base/src/galerkin/SHAFTSHA.CPP,Shaft.cpp,SHAFTSHA.CPP
base/src/galerkin/Shaft.h,base/src/galerkin/SHAFTSHA.H,Shaft.h,SHAFTSHA.H
base/src/galerkin/ShaftCullStrategy.h,base/src/galerkin/SHCUSTAF.H,ShaftCullStrategy.h,SHCUSTAF.H
base/src/galerkin/ShaftPlane.h,base/src/galerkin/SHPLAFTA.H,ShaftPlane.h,SHPLAFTA.H
base/src/galerkin/ShaftPlanePosition.h,base/src/galerkin/SHPLPOAF.H,ShaftPlanePosition.h,SHPLPOAF.H
base/src/galerkin/processing/ClusterCreationStrategy.cpp,base/src/galerkin/processing/CLCRSTUS.CPP,ClusterCreationStrategy.cpp,CLCRSTUS.CPP
base/src/galerkin/processing/ClusterCreationStrategy.h,base/src/galerkin/processing/CLCRSTUS.H,ClusterCreationStrategy.h,CLCRSTUS.H
base/src/galerkin/processing/ClusterTraversalStrategy.cpp,base/src/galerkin/processing/CLTRSTUS.CPP,ClusterTraversalStrategy.cpp,CLTRSTUS.CPP
base/src/galerkin/processing/ClusterTraversalStrategy.h,base/src/galerkin/processing/CLTRSTUS.H,ClusterTraversalStrategy.h,CLTRSTUS.H
base/src/galerkin/processing/FormFactorClusteredStrategy.cpp,base/src/galerkin/processing/FOFACLST.CPP,FormFactorClusteredStrategy.cpp,FOFACLST.CPP
base/src/galerkin/processing/FormFactorClusteredStrategy.h,base/src/galerkin/processing/FOFACLST.H,FormFactorClusteredStrategy.h,FOFACLST.H
base/src/galerkin/processing/FormFactorStrategy.cpp,base/src/galerkin/processing/FOFASTRM.CPP,FormFactorStrategy.cpp,FOFASTRM.CPP
base/src/galerkin/processing/FormFactorStrategy.h,base/src/galerkin/processing/FOFASTRM.H,FormFactorStrategy.h,FOFASTRM.H
base/src/galerkin/processing/GatheringClusteredStrategy.cpp,base/src/galerkin/processing/GACLSTTH.CPP,GatheringClusteredStrategy.cpp,GACLSTTH.CPP
base/src/galerkin/processing/GatheringClusteredStrategy.h,base/src/galerkin/processing/GACLSTTH.H,GatheringClusteredStrategy.h,GACLSTTH.H
base/src/galerkin/processing/GatheringSimpleStrategy.cpp,base/src/galerkin/processing/GASISTTH.CPP,GatheringSimpleStrategy.cpp,GASISTTH.CPP
base/src/galerkin/processing/GatheringSimpleStrategy.h,base/src/galerkin/processing/GASISTTH.H,GatheringSimpleStrategy.h,GASISTTH.H
base/src/galerkin/processing/GatheringStrategy.cpp,base/src/galerkin/processing/GASTTHER.CPP,GatheringStrategy.cpp,GASTTHER.CPP
base/src/galerkin/processing/GatheringStrategy.h,base/src/galerkin/processing/GASTTHER.H,GatheringStrategy.h,GASTTHER.H
base/src/galerkin/processing/HierarchicalRefinementStrategy.cpp,base/src/galerkin/processing/HIRESTER.CPP,HierarchicalRefinementStrategy.cpp,HIRESTER.CPP
base/src/galerkin/processing/HierarchicalRefinementStrategy.h,base/src/galerkin/processing/HIRESTER.H,HierarchicalRefinementStrategy.h,HIRESTER.H
base/src/galerkin/processing/InteractionEvaluationCode.h,base/src/galerkin/processing/INEVCOTE.H,InteractionEvaluationCode.h,INEVCOTE.H
base/src/galerkin/processing/LinkingClusteredStrategy.cpp,base/src/galerkin/processing/LICLSTNK.CPP,LinkingClusteredStrategy.cpp,LICLSTNK.CPP
base/src/galerkin/processing/LinkingClusteredStrategy.h,base/src/galerkin/processing/LICLSTNK.H,LinkingClusteredStrategy.h,LICLSTNK.H
base/src/galerkin/processing/LinkingSimpleStrategy.cpp,base/src/galerkin/processing/LISISTNK.CPP,LinkingSimpleStrategy.cpp,LISISTNK.CPP
base/src/galerkin/processing/LinkingSimpleStrategy.h,base/src/galerkin/processing/LISISTNK.H,LinkingSimpleStrategy.h,LISISTNK.H
base/src/galerkin/processing/ScratchVisibilityStrategy.cpp,base/src/galerkin/processing/SCVISTRA.CPP,ScratchVisibilityStrategy.cpp,SCVISTRA.CPP
base/src/galerkin/processing/ScratchVisibilityStrategy.h,base/src/galerkin/processing/SCVISTRA.H,ScratchVisibilityStrategy.h,SCVISTRA.H
base/src/galerkin/processing/ShootingStrategy.cpp,base/src/galerkin/processing/SHSTOOTI.CPP,ShootingStrategy.cpp,SHSTOOTI.CPP
base/src/galerkin/processing/ShootingStrategy.h,base/src/galerkin/processing/SHSTOOTI.H,ShootingStrategy.h,SHSTOOTI.H
base/src/galerkin/processing/visitors/ClusterLeafVisitor.h,base/src/galerkin/processing/visitors/CLLEVIUS.H,ClusterLeafVisitor.h,CLLEVIUS.H
base/src/galerkin/processing/visitors/DepthVisibilityGathererVisitor.cpp,base/src/galerkin/processing/visitors/DEVIGAVI.CPP,DepthVisibilityGathererVisitor.cpp,DEVIGAVI.CPP
base/src/galerkin/processing/visitors/DepthVisibilityGathererVisitor.h,base/src/galerkin/processing/visitors/DEVIGAVI.H,DepthVisibilityGathererVisitor.h,DEVIGAVI.H
base/src/galerkin/processing/visitors/MaximumRadianceVisitor.cpp,base/src/galerkin/processing/visitors/MARAVIXI.CPP,MaximumRadianceVisitor.cpp,MARAVIXI.CPP
base/src/galerkin/processing/visitors/MaximumRadianceVisitor.h,base/src/galerkin/processing/visitors/MARAVIXI.H,MaximumRadianceVisitor.h,MARAVIXI.H
base/src/galerkin/processing/visitors/OrientedGathererVisitor.cpp,base/src/galerkin/processing/visitors/ORGAVIIE.CPP,OrientedGathererVisitor.cpp,ORGAVIIE.CPP
base/src/galerkin/processing/visitors/OrientedGathererVisitor.h,base/src/galerkin/processing/visitors/ORGAVIIE.H,OrientedGathererVisitor.h,ORGAVIIE.H
base/src/galerkin/processing/visitors/PowerAccumulatorVisitor.cpp,base/src/galerkin/processing/visitors/POACVIWE.CPP,PowerAccumulatorVisitor.cpp,POACVIWE.CPP
base/src/galerkin/processing/visitors/PowerAccumulatorVisitor.h,base/src/galerkin/processing/visitors/POACVIWE.H,PowerAccumulatorVisitor.h,POACVIWE.H
base/src/galerkin/processing/visitors/ProjectedAreaAccumulatorVisitor.cpp,base/src/galerkin/processing/visitors/PRARACVI.CPP,ProjectedAreaAccumulatorVisitor.cpp,PRARACVI.CPP
base/src/galerkin/processing/visitors/ProjectedAreaAccumulatorVisitor.h,base/src/galerkin/processing/visitors/PRARACVI.H,ProjectedAreaAccumulatorVisitor.h,PRARACVI.H
base/src/galerkin/processing/visitors/ScratchRendererVisitor.cpp,base/src/galerkin/processing/visitors/SCREVIRA.CPP,ScratchRendererVisitor.cpp,SCREVIRA.CPP
base/src/galerkin/processing/visitors/ScratchRendererVisitor.h,base/src/galerkin/processing/visitors/SCREVIRA.H,ScratchRendererVisitor.h,SCREVIRA.H
base/src/io/bin/reader/BinaryModelDeserializer.cpp,base/src/io/bin/reader/BIMODENA.CPP,BinaryModelDeserializer.cpp,BIMODENA.CPP
base/src/io/bin/reader/BinaryModelDeserializer.h,base/src/io/bin/reader/BIMODENA.H,BinaryModelDeserializer.h,BIMODENA.H
base/src/io/bin/reader/BinaryModelGeometryRecordData.cpp,base/src/io/bin/reader/BIMOGERE.CPP,BinaryModelGeometryRecordData.cpp,BIMOGERE.CPP
base/src/io/bin/reader/BinaryModelGeometryRecordData.h,base/src/io/bin/reader/BIMOGERE.H,BinaryModelGeometryRecordData.h,BIMOGERE.H
base/src/io/bin/reader/BinaryModelIndexListRef.cpp,base/src/io/bin/reader/BIMOINLI.CPP,BinaryModelIndexListRef.cpp,BIMOINLI.CPP
base/src/io/bin/reader/BinaryModelIndexListRef.h,base/src/io/bin/reader/BIMOINLI.H,BinaryModelIndexListRef.h,BIMOINLI.H
base/src/io/bin/reader/BinaryModelPatchRecordData.cpp,base/src/io/bin/reader/BIMOPARE.CPP,BinaryModelPatchRecordData.cpp,BIMOPARE.CPP
base/src/io/bin/reader/BinaryModelPatchRecordData.h,base/src/io/bin/reader/BIMOPARE.H,BinaryModelPatchRecordData.h,BIMOPARE.H
base/src/io/bin/reader/BinaryModelReadCleanup.cpp,base/src/io/bin/reader/BIMORECL.CPP,BinaryModelReadCleanup.cpp,BIMORECL.CPP
base/src/io/bin/reader/BinaryModelReadCleanup.h,base/src/io/bin/reader/BIMORECL.H,BinaryModelReadCleanup.h,BIMORECL.H
base/src/io/bin/reader/BinaryModelReadPrimitives.cpp,base/src/io/bin/reader/BIMOREPR.CPP,BinaryModelReadPrimitives.cpp,BIMOREPR.CPP
base/src/io/bin/reader/BinaryModelReadPrimitives.h,base/src/io/bin/reader/BIMOREPR.H,BinaryModelReadPrimitives.h,BIMOREPR.H
base/src/io/bin/reader/BinaryModelSnapshotRecordData.cpp,base/src/io/bin/reader/BIMOSNRE.CPP,BinaryModelSnapshotRecordData.cpp,BIMOSNRE.CPP
base/src/io/bin/reader/BinaryModelSnapshotRecordData.h,base/src/io/bin/reader/BIMOSNRE.H,BinaryModelSnapshotRecordData.h,BIMOSNRE.H
base/src/io/bin/reader/BinaryModelVertexRecordData.cpp,base/src/io/bin/reader/BIMOVERE.CPP,BinaryModelVertexRecordData.cpp,BIMOVERE.CPP
base/src/io/bin/reader/BinaryModelVertexRecordData.h,base/src/io/bin/reader/BIMOVERE.H,BinaryModelVertexRecordData.h,BIMOVERE.H
base/src/io/bin/reader/ScopedArrayBuffer.h,base/src/io/bin/reader/SCARBUOP.H,ScopedArrayBuffer.h,SCARBUOP.H
base/src/io/bin/writer/BinaryModelSerializationGraph.cpp,base/src/io/bin/writer/BIMOSEGR.CPP,BinaryModelSerializationGraph.cpp,BIMOSEGR.CPP
base/src/io/bin/writer/BinaryModelSerializationGraph.h,base/src/io/bin/writer/BIMOSEGR.H,BinaryModelSerializationGraph.h,BIMOSEGR.H
base/src/io/bin/writer/BinaryModelSerializer.cpp,base/src/io/bin/writer/BIMOSENA.CPP,BinaryModelSerializer.cpp,BIMOSENA.CPP
base/src/io/bin/writer/BinaryModelSerializer.h,base/src/io/bin/writer/BIMOSENA.H,BinaryModelSerializer.h,BIMOSENA.H
base/src/io/context/ColorContext.cpp,base/src/io/context/COCOLORN.CPP,ColorContext.cpp,COCOLORN.CPP
base/src/io/context/ColorContext.h,base/src/io/context/COCOLORN.H,ColorContext.h,COCOLORN.H
base/src/io/context/ColorRegistryContext.cpp,base/src/io/context/CORECOLO.CPP,ColorRegistryContext.cpp,CORECOLO.CPP
base/src/io/context/ColorRegistryContext.h,base/src/io/context/CORECOLO.H,ColorRegistryContext.h,CORECOLO.H
base/src/io/context/EntityDispatchContext.h,base/src/io/context/ENDICOTI.H,EntityDispatchContext.h,ENDICOTI.H
base/src/io/context/EntityNamingContext.cpp,base/src/io/context/ENNACOTI.CPP,EntityNamingContext.cpp,ENNACOTI.CPP
base/src/io/context/EntityNamingContext.h,base/src/io/context/ENNACOTI.H,EntityNamingContext.h,ENNACOTI.H
base/src/io/context/EntityTypeContext.h,base/src/io/context/ENTYCOTI.H,EntityTypeContext.h,ENTYCOTI.H
base/src/io/context/FilePositionContext.h,base/src/io/context/FIPOCOLE.H,FilePositionContext.h,FIPOCOLE.H
base/src/io/context/GeometryAssemblyContext.cpp,base/src/io/context/GEASCOOM.CPP,GeometryAssemblyContext.cpp,GEASCOOM.CPP
base/src/io/context/GeometryAssemblyContext.h,base/src/io/context/GEASCOOM.H,GeometryAssemblyContext.h,GEASCOOM.H
base/src/io/context/HandlerRoleContext.h,base/src/io/context/HAROCOND.H,HandlerRoleContext.h,HAROCOND.H
base/src/io/context/MaterialContext.h,base/src/io/context/MACOTERI.H,MaterialContext.h,MACOTERI.H
base/src/io/context/MaterialRegistryContext.cpp,base/src/io/context/MARECOTE.CPP,MaterialRegistryContext.cpp,MARECOTE.CPP
base/src/io/context/MaterialRegistryContext.h,base/src/io/context/MARECOTE.H,MaterialRegistryContext.h,MARECOTE.H
base/src/io/context/MaterialSelectionContext.cpp,base/src/io/context/MASECOTE.CPP,MaterialSelectionContext.cpp,MASECOTE.CPP
base/src/io/context/MaterialSelectionContext.h,base/src/io/context/MASECOTE.H,MaterialSelectionContext.h,MASECOTE.H
base/src/io/context/ObjectScopeContext.cpp,base/src/io/context/OBSCCOJE.CPP,ObjectScopeContext.cpp,OBSCCOJE.CPP
base/src/io/context/ObjectScopeContext.h,base/src/io/context/OBSCCOJE.H,ObjectScopeContext.h,OBSCCOJE.H
base/src/io/context/ParseContext.h,base/src/io/context/PACORSEN.H,ParseContext.h,PACORSEN.H
base/src/io/context/ParseErrorContext.h,base/src/io/context/PAERCORS.H,ParseErrorContext.h,PAERCORS.H
base/src/io/context/ParseOptionsContext.cpp,base/src/io/context/PAOPCORS.CPP,ParseOptionsContext.cpp,PAOPCORS.CPP
base/src/io/context/ParseOptionsContext.h,base/src/io/context/PAOPCORS.H,ParseOptionsContext.h,PAOPCORS.H
base/src/io/context/ParseRuntimeContext.cpp,base/src/io/context/PARUCORS.CPP,ParseRuntimeContext.cpp,PARUCORS.CPP
base/src/io/context/ParseRuntimeContext.h,base/src/io/context/PARUCORS.H,ParseRuntimeContext.h,PARUCORS.H
base/src/io/context/ParseSnapshotContext.cpp,base/src/io/context/PASNCORS.CPP,ParseSnapshotContext.cpp,PASNCORS.CPP
base/src/io/context/ParseSnapshotContext.h,base/src/io/context/PASNCORS.H,ParseSnapshotContext.h,PASNCORS.H
base/src/io/context/ReaderContext.h,base/src/io/context/RECOADER.H,ReaderContext.h,RECOADER.H
base/src/io/context/ReaderDispatchContext.cpp,base/src/io/context/REDICOAD.CPP,ReaderDispatchContext.cpp,REDICOAD.CPP
base/src/io/context/ReaderDispatchContext.h,base/src/io/context/REDICOAD.H,ReaderDispatchContext.h,REDICOAD.H
base/src/io/context/TokenValidationContext.cpp,base/src/io/context/TOVACOKE.CPP,TokenValidationContext.cpp,TOVACOKE.CPP
base/src/io/context/TokenValidationContext.h,base/src/io/context/TOVACOKE.H,TokenValidationContext.h,TOVACOKE.H
base/src/io/context/TransformArrayContext.h,base/src/io/context/TRARCOAN.H,TransformArrayContext.h,TRARCOAN.H
base/src/io/context/TransformContext.cpp,base/src/io/context/TRCOANSF.CPP,TransformContext.cpp,TRCOANSF.CPP
base/src/io/context/TransformContext.h,base/src/io/context/TRCOANSF.H,TransformContext.h,TRCOANSF.H
base/src/io/context/TransformScopeContext.cpp,base/src/io/context/TRSCCOAN.CPP,TransformScopeContext.cpp,TRSCCOAN.CPP
base/src/io/context/TransformScopeContext.h,base/src/io/context/TRSCCOAN.H,TransformScopeContext.h,TRSCCOAN.H
base/src/io/context/TransformSequenceContext.h,base/src/io/context/TRSECOAN.H,TransformSequenceContext.h,TRSECOAN.H
base/src/io/context/TransformStackContext.h,base/src/io/context/TRSTCOAN.H,TransformStackContext.h,TRSTCOAN.H
base/src/io/context/VertexContext.h,base/src/io/context/VECORTEX.H,VertexContext.h,VECORTEX.H
base/src/io/context/VertexRegistryContext.cpp,base/src/io/context/VERECORT.CPP,VertexRegistryContext.cpp,VERECORT.CPP
base/src/io/context/VertexRegistryContext.h,base/src/io/context/VERECORT.H,VertexRegistryContext.h,VERECORT.H
base/src/io/image/Dkcolor.cpp,base/src/io/image/DKCOLORD.CPP,Dkcolor.cpp,DKCOLORD.CPP
base/src/io/image/Dkcolor.h,base/src/io/image/DKCOLORD.H,Dkcolor.h,DKCOLORD.H
base/src/io/image/ImageOutputHandle.cpp,base/src/io/image/IMOUHAAG.CPP,ImageOutputHandle.cpp,IMOUHAAG.CPP
base/src/io/image/ImageOutputHandle.h,base/src/io/image/IMOUHAAG.H,ImageOutputHandle.h,IMOUHAAG.H
base/src/io/image/PPMOutputHandle.cpp,base/src/io/image/PPOUHAMT.CPP,PPMOutputHandle.cpp,PPOUHAMT.CPP
base/src/io/image/PPMOutputHandle.h,base/src/io/image/PPOUHAMT.H,PPMOutputHandle.h,PPOUHAMT.H
base/src/io/image/PicOutputHandle.cpp,base/src/io/image/PIOUHACT.CPP,PicOutputHandle.cpp,PIOUHACT.CPP
base/src/io/image/PicOutputHandle.h,base/src/io/image/PIOUHACT.H,PicOutputHandle.h,PIOUHACT.H
base/src/io/mgf/MgfColorEntitySupport.cpp,base/src/io/mgf/MGCOENSU.CPP,MgfColorEntitySupport.cpp,MGCOENSU.CPP
base/src/io/mgf/MgfColorEntitySupport.h,base/src/io/mgf/MGCOENSU.H,MgfColorEntitySupport.h,MGCOENSU.H
base/src/io/mgf/MgfConeEntityTessellator.cpp,base/src/io/mgf/MGCOENTE.CPP,MgfConeEntityTessellator.cpp,MGCOENTE.CPP
base/src/io/mgf/MgfConeEntityTessellator.h,base/src/io/mgf/MGCOENTE.H,MgfConeEntityTessellator.h,MGCOENTE.H
base/src/io/mgf/MgfCylinderEntityExpander.cpp,base/src/io/mgf/MGCYENEX.CPP,MgfCylinderEntityExpander.cpp,MGCYENEX.CPP
base/src/io/mgf/MgfCylinderEntityExpander.h,base/src/io/mgf/MGCYENEX.H,MgfCylinderEntityExpander.h,MGCYENEX.H
base/src/io/mgf/MgfEntityControl.cpp,base/src/io/mgf/MGENCOFT.CPP,MgfEntityControl.cpp,MGENCOFT.CPP
base/src/io/mgf/MgfEntityControl.h,base/src/io/mgf/MGENCOFT.H,MgfEntityControl.h,MGENCOFT.H
base/src/io/mgf/MgfEntityHandlerAdapter.cpp,base/src/io/mgf/MGENHAAD.CPP,MgfEntityHandlerAdapter.cpp,MGENHAAD.CPP
base/src/io/mgf/MgfEntityHandlerAdapter.h,base/src/io/mgf/MGENHAAD.H,MgfEntityHandlerAdapter.h,MGENHAAD.H
base/src/io/mgf/MgfFaceWithHolesEntityExpander.cpp,base/src/io/mgf/MGFAWIHO.CPP,MgfFaceWithHolesEntityExpander.cpp,MGFAWIHO.CPP
base/src/io/mgf/MgfFaceWithHolesEntityExpander.h,base/src/io/mgf/MGFAWIHO.H,MgfFaceWithHolesEntityExpander.h,MGFAWIHO.H
base/src/io/mgf/MgfMaterialEntitySupport.cpp,base/src/io/mgf/MGMAENSU.CPP,MgfMaterialEntitySupport.cpp,MGMAENSU.CPP
base/src/io/mgf/MgfMaterialEntitySupport.h,base/src/io/mgf/MGMAENSU.H,MgfMaterialEntitySupport.h,MGMAENSU.H
base/src/io/mgf/MgfObjectNameSupport.cpp,base/src/io/mgf/MGOBNASU.CPP,MgfObjectNameSupport.cpp,MGOBNASU.CPP
base/src/io/mgf/MgfObjectNameSupport.h,base/src/io/mgf/MGOBNASU.H,MgfObjectNameSupport.h,MGOBNASU.H
base/src/io/mgf/MgfParserLoader.cpp,base/src/io/mgf/MGPALOFR.CPP,MgfParserLoader.cpp,MGPALOFR.CPP
base/src/io/mgf/MgfParserLoader.h,base/src/io/mgf/MGPALOFR.H,MgfParserLoader.h,MGPALOFR.H
base/src/io/mgf/MgfPrismEntityTessellator.cpp,base/src/io/mgf/MGPRENTE.CPP,MgfPrismEntityTessellator.cpp,MGPRENTE.CPP
base/src/io/mgf/MgfPrismEntityTessellator.h,base/src/io/mgf/MGPRENTE.H,MgfPrismEntityTessellator.h,MGPRENTE.H
base/src/io/mgf/MgfRingEntityTessellator.cpp,base/src/io/mgf/MGRIENTE.CPP,MgfRingEntityTessellator.cpp,MGRIENTE.CPP
base/src/io/mgf/MgfRingEntityTessellator.h,base/src/io/mgf/MGRIENTE.H,MgfRingEntityTessellator.h,MGRIENTE.H
base/src/io/mgf/MgfSphereEntityExpander.cpp,base/src/io/mgf/MGSPENEX.CPP,MgfSphereEntityExpander.cpp,MGSPENEX.CPP
base/src/io/mgf/MgfSphereEntityExpander.h,base/src/io/mgf/MGSPENEX.H,MgfSphereEntityExpander.h,MGSPENEX.H
base/src/io/mgf/MgfTessellationMath.cpp,base/src/io/mgf/MGTEMAFS.CPP,MgfTessellationMath.cpp,MGTEMAFS.CPP
base/src/io/mgf/MgfTessellationMath.h,base/src/io/mgf/MGTEMAFS.H,MgfTessellationMath.h,MGTEMAFS.H
base/src/io/mgf/MgfTorusEntityExpander.cpp,base/src/io/mgf/MGTOENEX.CPP,MgfTorusEntityExpander.cpp,MGTOENEX.CPP
base/src/io/mgf/MgfTorusEntityExpander.h,base/src/io/mgf/MGTOENEX.H,MgfTorusEntityExpander.h,MGTOENEX.H
base/src/io/mgf/MgfTransformationSupport.cpp,base/src/io/mgf/MGTRSUFA.CPP,MgfTransformationSupport.cpp,MGTRSUFA.CPP
base/src/io/mgf/MgfTransformationSupport.h,base/src/io/mgf/MGTRSUFA.H,MgfTransformationSupport.h,MGTRSUFA.H
base/src/io/mgf/MgfVertexFaceEntitySupport.cpp,base/src/io/mgf/MGVEFAEN.CPP,MgfVertexFaceEntitySupport.cpp,MGVEFAEN.CPP
base/src/io/mgf/MgfVertexFaceEntitySupport.h,base/src/io/mgf/MGVEFAEN.H,MgfVertexFaceEntitySupport.h,MGVEFAEN.H
base/src/io/wrapper/FileUncompressWrapper.cpp,base/src/io/wrapper/FIUNWRLE.CPP,FileUncompressWrapper.cpp,FIUNWRLE.CPP
base/src/io/wrapper/FileUncompressWrapper.h,base/src/io/wrapper/FIUNWRLE.H,FileUncompressWrapper.h,FIUNWRLE.H
base/src/io/wrapper/Matrix2x2Printer.cpp,base/src/io/wrapper/MA2X2PRT.CPP,Matrix2x2Printer.cpp,MA2X2PRT.CPP
base/src/io/wrapper/Matrix2x2Printer.h,base/src/io/wrapper/MA2X2PRT.H,Matrix2x2Printer.h,MA2X2PRT.H
base/src/io/wrapper/PersistenceElement.cpp,base/src/io/wrapper/PEELRSIS.CPP,PersistenceElement.cpp,PEELRSIS.CPP
base/src/io/wrapper/PersistenceElement.h,base/src/io/wrapper/PEELRSIS.H,PersistenceElement.h,PEELRSIS.H
base/src/io/wrapper/PipeInputStream.cpp,base/src/io/wrapper/PIINSTPE.CPP,PipeInputStream.cpp,PIINSTPE.CPP
base/src/io/wrapper/PipeInputStream.h,base/src/io/wrapper/PIINSTPE.H,PipeInputStream.h,PIINSTPE.H
base/src/io/wrapper/PipeOutputStream.cpp,base/src/io/wrapper/PIOUSTPE.CPP,PipeOutputStream.cpp,PIOUSTPE.CPP
base/src/io/wrapper/PipeOutputStream.h,base/src/io/wrapper/PIOUSTPE.H,PipeOutputStream.h,PIOUSTPE.H
base/src/io/wrapper/StreamOpenMode.h,base/src/io/wrapper/STOPMORE.H,StreamOpenMode.h,STOPMORE.H
base/src/io/wrapper/Vector3DPrinter.cpp,base/src/io/wrapper/VE3DPRCT.CPP,Vector3DPrinter.cpp,VE3DPRCT.CPP
base/src/io/wrapper/Vector3DPrinter.h,base/src/io/wrapper/VE3DPRCT.H,Vector3DPrinter.h,VE3DPRCT.H
base/src/io/wrl/VrmlWriter.cpp,base/src/io/wrl/VRWRMLIT.CPP,VrmlWriter.cpp,VRWRMLIT.CPP
base/src/io/wrl/VrmlWriter.h,base/src/io/wrl/VRWRMLIT.H,VrmlWriter.h,VRWRMLIT.H
base/src/java/io/BufferedInputStream.cpp,base/src/java/io/BUINSTFF.CPP,BufferedInputStream.cpp,BUINSTFF.CPP
base/src/java/io/BufferedInputStream.h,base/src/java/io/BUINSTFF.H,BufferedInputStream.h,BUINSTFF.H
base/src/java/io/File.cpp,base/src/java/io/FILEFILE.CPP,File.cpp,FILEFILE.CPP
base/src/java/io/File.h,base/src/java/io/FILEFILE.H,File.h,FILEFILE.H
base/src/java/io/FileInputStream.cpp,base/src/java/io/FIINSTLE.CPP,FileInputStream.cpp,FIINSTLE.CPP
base/src/java/io/FileInputStream.h,base/src/java/io/FIINSTLE.H,FileInputStream.h,FIINSTLE.H
base/src/java/io/FileOutputStream.cpp,base/src/java/io/FIOUSTLE.CPP,FileOutputStream.cpp,FIOUSTLE.CPP
base/src/java/io/FileOutputStream.h,base/src/java/io/FIOUSTLE.H,FileOutputStream.h,FIOUSTLE.H
base/src/java/io/InputStream.cpp,base/src/java/io/INSTPUTR.CPP,InputStream.cpp,INSTPUTR.CPP
base/src/java/io/InputStream.h,base/src/java/io/INSTPUTR.H,InputStream.h,INSTPUTR.H
base/src/java/io/OutputStream.cpp,base/src/java/io/OUSTTPUT.CPP,OutputStream.cpp,OUSTTPUT.CPP
base/src/java/io/OutputStream.h,base/src/java/io/OUSTTPUT.H,OutputStream.h,OUSTTPUT.H
base/src/java/io/PrintStream.cpp,base/src/java/io/PRSTINTR.CPP,PrintStream.cpp,PRSTINTR.CPP
base/src/java/io/PrintStream.h,base/src/java/io/PRSTINTR.H,PrintStream.h,PRSTINTR.H
base/src/java/lang/Byte.h,base/src/java/lang/BYTEBYTE.H,Byte.h,BYTEBYTE.H
base/src/java/lang/Character.cpp,base/src/java/lang/CHARACTE.CPP,Character.cpp,CHARACTE.CPP
base/src/java/lang/Character.h,base/src/java/lang/CHARACTE.H,Character.h,CHARACTE.H
base/src/java/lang/Double.h,base/src/java/lang/DOUBLEDO.H,Double.h,DOUBLEDO.H
base/src/java/lang/Float.cpp,base/src/java/lang/FLOATFLO.CPP,Float.cpp,FLOATFLO.CPP
base/src/java/lang/Float.h,base/src/java/lang/FLOATFLO.H,Float.h,FLOATFLO.H
base/src/java/lang/Integer.h,base/src/java/lang/INTEGERI.H,Integer.h,INTEGERI.H
base/src/java/lang/Long.h,base/src/java/lang/LONGLONG.H,Long.h,LONGLONG.H
base/src/java/lang/Math.h,base/src/java/lang/MATHMATH.H,Math.h,MATHMATH.H
base/src/java/lang/Object.cpp,base/src/java/lang/OBJECTOB.CPP,Object.cpp,OBJECTOB.CPP
base/src/java/lang/Object.h,base/src/java/lang/OBJECTOB.H,Object.h,OBJECTOB.H
base/src/java/lang/ProcessBuilder.cpp,base/src/java/lang/PRBUOCES.CPP,ProcessBuilder.cpp,PRBUOCES.CPP
base/src/java/lang/ProcessBuilder.h,base/src/java/lang/PRBUOCES.H,ProcessBuilder.h,PRBUOCES.H
base/src/java/lang/Short.h,base/src/java/lang/SHORTSHO.H,Short.h,SHORTSHO.H
base/src/java/lang/String.cpp,base/src/java/lang/STRINGST.CPP,String.cpp,STRINGST.CPP
base/src/java/lang/String.h,base/src/java/lang/STRINGST.H,String.h,STRINGST.H
base/src/java/lang/StringBuilder.cpp,base/src/java/lang/STBURING.CPP,StringBuilder.cpp,STBURING.CPP
base/src/java/lang/StringBuilder.h,base/src/java/lang/STBURING.H,StringBuilder.h,STBURING.H
base/src/java/lang/System.cpp,base/src/java/lang/SYSTEMSY.CPP,System.cpp,SYSTEMSY.CPP
base/src/java/lang/System.h,base/src/java/lang/SYSTEMSY.H,System.h,SYSTEMSY.H
base/src/java/util/ArrayList.h,base/src/java/util/ARLIRAYS.H,ArrayList.h,ARLIRAYS.H
base/src/java/util/ArrayList.txx,base/src/java/util/ARLIRAYS.TXX,ArrayList.txx,ARLIRAYS.TXX
base/src/java/util/Formatter.cpp,base/src/java/util/FORMATTE.CPP,Formatter.cpp,FORMATTE.CPP
base/src/java/util/Formatter.h,base/src/java/util/FORMATTE.H,Formatter.h,FORMATTE.H
base/src/java/util/HashMap.h,base/src/java/util/HAMASHPH.H,HashMap.h,HAMASHPH.H
base/src/java/util/HashMap.txx,base/src/java/util/HAMASHPH.TXX,HashMap.txx,HAMASHPH.TXX
base/src/java/util/HashMapEntry.h,base/src/java/util/HAMAENSH.H,HashMapEntry.h,HAMAENSH.H
base/src/java/util/StringTokenizer.cpp,base/src/java/util/STTORING.CPP,StringTokenizer.cpp,STTORING.CPP
base/src/java/util/StringTokenizer.h,base/src/java/util/STTORING.H,StringTokenizer.h,STTORING.H
base/src/material/BsdfComponent.h,base/src/material/BSCODFMP.H,BsdfComponent.h,BSCODFMP.H
base/src/material/BsdfComponentFlag.h,base/src/material/BSCOFLDF.H,BsdfComponentFlag.h,BSCOFLDF.H
base/src/material/Material.cpp,base/src/material/MATERIAL.CPP,Material.cpp,MATERIAL.CPP
base/src/material/Material.h,base/src/material/MATERIAL.H,Material.h,MATERIAL.H
base/src/material/PhongBidirectionalReflectanceDistributionFunction.cpp,base/src/material/PHBIREDI.CPP,PhongBidirectionalReflectanceDistributionFunction.cpp,PHBIREDI.CPP
base/src/material/PhongBidirectionalReflectanceDistributionFunction.h,base/src/material/PHBIREDI.H,PhongBidirectionalReflectanceDistributionFunction.h,PHBIREDI.H
base/src/material/PhongBidirectionalScatteringDistributionFunction.cpp,base/src/material/PHBISCDI.CPP,PhongBidirectionalScatteringDistributionFunction.cpp,PHBISCDI.CPP
base/src/material/PhongBidirectionalScatteringDistributionFunction.h,base/src/material/PHBISCDI.H,PhongBidirectionalScatteringDistributionFunction.h,PHBISCDI.H
base/src/material/PhongBidirectionalTransmittanceDistributionFunction.cpp,base/src/material/PHBITRDI.CPP,PhongBidirectionalTransmittanceDistributionFunction.cpp,PHBITRDI.CPP
base/src/material/PhongBidirectionalTransmittanceDistributionFunction.h,base/src/material/PHBITRDI.H,PhongBidirectionalTransmittanceDistributionFunction.h,PHBITRDI.H
base/src/material/PhongEmittanceDistributionFunction.cpp,base/src/material/PHEMDIFU.CPP,PhongEmittanceDistributionFunction.cpp,PHEMDIFU.CPP
base/src/material/PhongEmittanceDistributionFunction.h,base/src/material/PHEMDIFU.H,PhongEmittanceDistributionFunction.h,PHEMDIFU.H
base/src/environment/geometry/elements/RayHit.h,base/src/skin/RAHIYTRA.H,RayHit.h,RAHIYTRA.H
base/src/environment/geometry/elements/RayHitFlag.h,base/src/skin/RAHIFLYT.H,RayHitFlag.h,RAHIFLYT.H
base/src/material/RefractionIndex.cpp,base/src/material/REINFRAC.CPP,RefractionIndex.cpp,REINFRAC.CPP
base/src/material/RefractionIndex.h,base/src/material/REINFRAC.H,RefractionIndex.h,REINFRAC.H
base/src/material/SplitBSDFSamplingMode.h,base/src/material/SPBSSAMO.H,SplitBSDFSamplingMode.h,SPBSSAMO.H
base/src/material/Texture.cpp,base/src/material/TEXTURET.CPP,Texture.cpp,TEXTURET.CPP
base/src/material/Texture.h,base/src/material/TEXTURET.H,Texture.h,TEXTURET.H
base/src/material/Xxdf.cpp,base/src/material/XXDFXXDF.CPP,Xxdf.cpp,XXDFXXDF.CPP
base/src/material/Xxdf.h,base/src/material/XXDFXXDF.H,Xxdf.h,XXDFXXDF.H
base/src/material/XxdfComponentFlag.h,base/src/material/XXCOFLDF.H,XxdfComponentFlag.h,XXCOFLDF.H
base/src/numericalAnalysis/CubatureDegree.h,base/src/numericalAnalysis/CUDEBATU.H,CubatureDegree.h,CUDEBATU.H
base/src/numericalAnalysis/CubatureRule.h,base/src/numericalAnalysis/CURUBATU.H,CubatureRule.h,CURUBATU.H
base/src/numericalAnalysis/MeshSurfaceVisitor.cpp,base/src/numericalAnalysis/MESUVISH.CPP,MeshSurfaceVisitor.cpp,MESUVISH.CPP
base/src/numericalAnalysis/MeshSurfaceVisitor.h,base/src/numericalAnalysis/MESUVISH.H,MeshSurfaceVisitor.h,MESUVISH.H
base/src/numericalAnalysis/PatchVisitor.cpp,base/src/numericalAnalysis/PAVITCHS.CPP,PatchVisitor.cpp,PAVITCHS.CPP
base/src/numericalAnalysis/PatchVisitor.h,base/src/numericalAnalysis/PAVITCHS.H,PatchVisitor.h,PAVITCHS.H
base/src/numericalAnalysis/QuadCubatureRule.cpp,base/src/numericalAnalysis/QUCURUAD.CPP,QuadCubatureRule.cpp,QUCURUAD.CPP
base/src/numericalAnalysis/QuadCubatureRule.h,base/src/numericalAnalysis/QUCURUAD.H,QuadCubatureRule.h,QUCURUAD.H
base/src/numericalAnalysis/TriangleCubatureRule.cpp,base/src/numericalAnalysis/TRCURUIA.CPP,TriangleCubatureRule.cpp,TRCURUIA.CPP
base/src/numericalAnalysis/TriangleCubatureRule.h,base/src/numericalAnalysis/TRCURUIA.H,TriangleCubatureRule.h,TRCURUIA.H
base/src/numericalAnalysis/quasiMonteCarlo/Faure.cpp,base/src/numericalAnalysis/quasiMonteCarlo/FAUREFAU.CPP,Faure.cpp,FAUREFAU.CPP
base/src/numericalAnalysis/quasiMonteCarlo/Faure.h,base/src/numericalAnalysis/quasiMonteCarlo/FAUREFAU.H,Faure.h,FAUREFAU.H
base/src/numericalAnalysis/quasiMonteCarlo/FaureSequenceLimits.h,base/src/numericalAnalysis/quasiMonteCarlo/FASELIUR.H,FaureSequenceLimits.h,FASELIUR.H
base/src/numericalAnalysis/quasiMonteCarlo/Halton.cpp,base/src/numericalAnalysis/quasiMonteCarlo/HALTONHA.CPP,Halton.cpp,HALTONHA.CPP
base/src/numericalAnalysis/quasiMonteCarlo/Halton.h,base/src/numericalAnalysis/quasiMonteCarlo/HALTONHA.H,Halton.h,HALTONHA.H
base/src/numericalAnalysis/quasiMonteCarlo/Niederreiter.h,base/src/numericalAnalysis/quasiMonteCarlo/NIEDERRE.H,Niederreiter.h,NIEDERRE.H
base/src/numericalAnalysis/quasiMonteCarlo/Niederreiter31.cpp,base/src/numericalAnalysis/quasiMonteCarlo/NI31EDER.CPP,Niederreiter31.cpp,NI31EDER.CPP
base/src/numericalAnalysis/quasiMonteCarlo/Niederreiter31.h,base/src/numericalAnalysis/quasiMonteCarlo/NI31EDER.H,Niederreiter31.h,NI31EDER.H
base/src/numericalAnalysis/quasiMonteCarlo/NiederreiterCore.txx,base/src/numericalAnalysis/quasiMonteCarlo/NICOEDER.TXX,NiederreiterCore.txx,NICOEDER.TXX
base/src/numericalAnalysis/quasiMonteCarlo/ScrambledHalton.cpp,base/src/numericalAnalysis/quasiMonteCarlo/SCHARAMB.CPP,ScrambledHalton.cpp,SCHARAMB.CPP
base/src/numericalAnalysis/quasiMonteCarlo/ScrambledHalton.h,base/src/numericalAnalysis/quasiMonteCarlo/SCHARAMB.H,ScrambledHalton.h,SCHARAMB.H
base/src/numericalAnalysis/quasiMonteCarlo/Sobol.cpp,base/src/numericalAnalysis/quasiMonteCarlo/SOBOLSOB.CPP,Sobol.cpp,SOBOLSOB.CPP
base/src/numericalAnalysis/quasiMonteCarlo/Sobol.h,base/src/numericalAnalysis/quasiMonteCarlo/SOBOLSOB.H,Sobol.h,SOBOLSOB.H
base/src/raycasting/bidirectionalRaytracing/BiPath.cpp,base/src/raycasting/bidirectionalRaytracing/BIPATHBI.CPP,BiPath.cpp,BIPATHBI.CPP
base/src/raycasting/bidirectionalRaytracing/BiPath.h,base/src/raycasting/bidirectionalRaytracing/BIPATHBI.H,BiPath.h,BIPATHBI.H
base/src/raycasting/bidirectionalRaytracing/BidirectionalPathRaytracer.cpp,base/src/raycasting/bidirectionalRaytracing/BIPARADI.CPP,BidirectionalPathRaytracer.cpp,BIPARADI.CPP
base/src/raycasting/bidirectionalRaytracing/BidirectionalPathRaytracer.h,base/src/raycasting/bidirectionalRaytracing/BIPARADI.H,BidirectionalPathRaytracer.h,BIPARADI.H
base/src/raycasting/bidirectionalRaytracing/BidirectionalPathRaytracerConfig.h,base/src/raycasting/bidirectionalRaytracing/BIPARACO.H,BidirectionalPathRaytracerConfig.h,BIPARACO.H
base/src/raycasting/bidirectionalRaytracing/BidirectionalPathTracingConfiguration.cpp,base/src/raycasting/bidirectionalRaytracing/BIPATRCO.CPP,BidirectionalPathTracingConfiguration.cpp,BIPATRCO.CPP
base/src/raycasting/bidirectionalRaytracing/BidirectionalPathTracingConfiguration.h,base/src/raycasting/bidirectionalRaytracing/BIPATRCO.H,BidirectionalPathTracingConfiguration.h,BIPATRCO.H
base/src/raycasting/bidirectionalRaytracing/BidirectionalPathTracingState.h,base/src/raycasting/bidirectionalRaytracing/BIPATRST.H,BidirectionalPathTracingState.h,BIPATRST.H
base/src/raycasting/bidirectionalRaytracing/ContribHandler.h,base/src/raycasting/bidirectionalRaytracing/COHANTRI.H,ContribHandler.h,COHANTRI.H
base/src/raycasting/bidirectionalRaytracing/DensityBuffer.cpp,base/src/raycasting/bidirectionalRaytracing/DEBUNSIT.CPP,DensityBuffer.cpp,DEBUNSIT.CPP
base/src/raycasting/bidirectionalRaytracing/DensityBuffer.h,base/src/raycasting/bidirectionalRaytracing/DEBUNSIT.H,DensityBuffer.h,DEBUNSIT.H
base/src/raycasting/bidirectionalRaytracing/DensityHit.h,base/src/raycasting/bidirectionalRaytracing/DEHINSIT.H,DensityHit.h,DEHINSIT.H
base/src/raycasting/bidirectionalRaytracing/DensityHitArray.h,base/src/raycasting/bidirectionalRaytracing/DEHIARNS.H,DensityHitArray.h,DEHIARNS.H
base/src/raycasting/bidirectionalRaytracing/DensityHitList.cpp,base/src/raycasting/bidirectionalRaytracing/DEHILINS.CPP,DensityHitList.cpp,DEHILINS.CPP
base/src/raycasting/bidirectionalRaytracing/DensityHitList.h,base/src/raycasting/bidirectionalRaytracing/DEHILINS.H,DensityHitList.h,DEHILINS.H
base/src/raycasting/bidirectionalRaytracing/FlagChain.cpp,base/src/raycasting/bidirectionalRaytracing/FLCHAGAI.CPP,FlagChain.cpp,FLCHAGAI.CPP
base/src/raycasting/bidirectionalRaytracing/FlagChain.h,base/src/raycasting/bidirectionalRaytracing/FLCHAGAI.H,FlagChain.h,FLCHAGAI.H
base/src/raycasting/bidirectionalRaytracing/FlagChainList.h,base/src/raycasting/bidirectionalRaytracing/FLCHLIAG.H,FlagChainList.h,FLCHLIAG.H
base/src/raycasting/bidirectionalRaytracing/ImportantLightSampler.h,base/src/raycasting/bidirectionalRaytracing/IMLISAPO.H,ImportantLightSampler.h,IMLISAPO.H
base/src/raycasting/bidirectionalRaytracing/Kernel2D.cpp,base/src/raycasting/bidirectionalRaytracing/KE2DRNEL.CPP,Kernel2D.cpp,KE2DRNEL.CPP
base/src/raycasting/bidirectionalRaytracing/Kernel2D.h,base/src/raycasting/bidirectionalRaytracing/KE2DRNEL.H,Kernel2D.h,KE2DRNEL.H
base/src/raycasting/bidirectionalRaytracing/LDSpar.h,base/src/raycasting/bidirectionalRaytracing/LDSPARLD.H,LDSpar.h,LDSPARLD.H
base/src/raycasting/bidirectionalRaytracing/LeSpar.h,base/src/raycasting/bidirectionalRaytracing/LESPARLE.H,LeSpar.h,LESPARLE.H
base/src/raycasting/bidirectionalRaytracing/LightDirSampler.cpp,base/src/raycasting/bidirectionalRaytracing/LIDISAGH.CPP,LightDirSampler.cpp,LIDISAGH.CPP
base/src/raycasting/bidirectionalRaytracing/LightDirSampler.h,base/src/raycasting/bidirectionalRaytracing/LIDISAGH.H,LightDirSampler.h,LIDISAGH.H
base/src/raycasting/bidirectionalRaytracing/LightInfo.h,base/src/raycasting/bidirectionalRaytracing/LIINGHTF.H,LightInfo.h,LIINGHTF.H
base/src/raycasting/bidirectionalRaytracing/LightList.cpp,base/src/raycasting/bidirectionalRaytracing/LILIGHTS.CPP,LightList.cpp,LILIGHTS.CPP
base/src/raycasting/bidirectionalRaytracing/LightList.h,base/src/raycasting/bidirectionalRaytracing/LILIGHTS.H,LightList.h,LILIGHTS.H
base/src/raycasting/bidirectionalRaytracing/LightListIterator.h,base/src/raycasting/bidirectionalRaytracing/LILIITGH.H,LightListIterator.h,LILIITGH.H
base/src/raycasting/bidirectionalRaytracing/LightSampler.cpp,base/src/raycasting/bidirectionalRaytracing/LISAGHTM.CPP,LightSampler.cpp,LISAGHTM.CPP
base/src/raycasting/bidirectionalRaytracing/LightSampler.h,base/src/raycasting/bidirectionalRaytracing/LISAGHTM.H,LightSampler.h,LISAGHTM.H
base/src/raycasting/bidirectionalRaytracing/Spar.cpp,base/src/raycasting/bidirectionalRaytracing/SPARSPAR.CPP,Spar.cpp,SPARSPAR.CPP
base/src/raycasting/bidirectionalRaytracing/Spar.h,base/src/raycasting/bidirectionalRaytracing/SPARSPAR.H,Spar.h,SPARSPAR.H
base/src/raycasting/bidirectionalRaytracing/SparConfig.h,base/src/raycasting/bidirectionalRaytracing/SPCOARNF.H,SparConfig.h,SPCOARNF.H
base/src/raycasting/bidirectionalRaytracing/SparList.h,base/src/raycasting/bidirectionalRaytracing/SPLIARST.H,SparList.h,SPLIARST.H
base/src/raycasting/bidirectionalRaytracing/SparPathGroup.h,base/src/raycasting/bidirectionalRaytracing/SPPAGRAR.H,SparPathGroup.h,SPPAGRAR.H
base/src/raycasting/bidirectionalRaytracing/UniformLightSampler.h,base/src/raycasting/bidirectionalRaytracing/UNLISAIF.H,UniformLightSampler.h,UNLISAIF.H
base/src/raycasting/common/BoxFilter.cpp,base/src/raycasting/common/BOFIXLTE.CPP,BoxFilter.cpp,BOFIXLTE.CPP
base/src/raycasting/common/BoxFilter.h,base/src/raycasting/common/BOFIXLTE.H,BoxFilter.h,BOFIXLTE.H
base/src/raycasting/common/BsdfComp.h,base/src/raycasting/common/BSCODFMP.H,BsdfComp.h,BSCODFM2.H
base/src/raycasting/common/NormalFilter.cpp,base/src/raycasting/common/NOFIRMAL.CPP,NormalFilter.cpp,NOFIRMAL.CPP
base/src/raycasting/common/NormalFilter.h,base/src/raycasting/common/NOFIRMAL.H,NormalFilter.h,NOFIRMAL.H
base/src/raycasting/common/PathRayType.h,base/src/raycasting/common/PARATYTH.H,PathRayType.h,PARATYTH.H
base/src/raycasting/common/PixelFilter.cpp,base/src/raycasting/common/PIFIXELL.CPP,PixelFilter.cpp,PIFIXELL.CPP
base/src/raycasting/common/PixelFilter.h,base/src/raycasting/common/PIFIXELL.H,PixelFilter.h,PIFIXELL.H
base/src/raycasting/common/RayTracer.cpp,base/src/raycasting/common/RATRYACE.CPP,RayTracer.cpp,RATRYACE.CPP
base/src/raycasting/common/RayTracer.h,base/src/raycasting/common/RATRYACE.H,RayTracer.h,RATRYACE.H
base/src/raycasting/common/Raytools.cpp,base/src/raycasting/common/RAYTOOLS.CPP,Raytools.cpp,RAYTOOLS.CPP
base/src/raycasting/common/Raytools.h,base/src/raycasting/common/RAYTOOLS.H,Raytools.h,RAYTOOLS.H
base/src/raycasting/common/SimpleRaytracingPathNode.cpp,base/src/raycasting/common/SIRAPANO.CPP,SimpleRaytracingPathNode.cpp,SIRAPANO.CPP
base/src/raycasting/common/SimpleRaytracingPathNode.h,base/src/raycasting/common/SIRAPANO.H,SimpleRaytracingPathNode.h,SIRAPANO.H
base/src/raycasting/common/TentFilter.cpp,base/src/raycasting/common/TEFINTLT.CPP,TentFilter.cpp,TEFINTLT.CPP
base/src/raycasting/common/TentFilter.h,base/src/raycasting/common/TEFINTLT.H,TentFilter.h,TEFINTLT.H
base/src/raycasting/photonMap/DiscreteSampling.cpp,base/src/raycasting/photonMap/DISASCRE.CPP,DiscreteSampling.cpp,DISASCRE.CPP
base/src/raycasting/photonMap/DiscreteSampling.h,base/src/raycasting/photonMap/DISASCRE.H,DiscreteSampling.h,DISASCRE.H
base/src/raycasting/photonMap/ImportanceMap.cpp,base/src/raycasting/photonMap/IMMAPORT.CPP,ImportanceMap.cpp,IMMAPORT.CPP
base/src/raycasting/photonMap/ImportanceMap.h,base/src/raycasting/photonMap/IMMAPORT.H,ImportanceMap.h,IMMAPORT.H
base/src/raycasting/photonMap/Importon.h,base/src/raycasting/photonMap/IMPORTON.H,Importon.h,IMPORTON.H
base/src/raycasting/photonMap/IrrPhoton.h,base/src/raycasting/photonMap/IRPHROTO.H,IrrPhoton.h,IRPHROTO.H
base/src/raycasting/photonMap/NormalQuery.cpp,base/src/raycasting/photonMap/NOQURMAL.CPP,NormalQuery.cpp,NOQURMAL.CPP
base/src/raycasting/photonMap/NormalQuery.h,base/src/raycasting/photonMap/NOQURMAL.H,NormalQuery.h,NOQURMAL.H
base/src/raycasting/photonMap/Photon.cpp,base/src/raycasting/photonMap/PHOTONPH.CPP,Photon.cpp,PHOTONPH.CPP
base/src/raycasting/photonMap/Photon.h,base/src/raycasting/photonMap/PHOTONPH.H,Photon.h,PHOTONPH.H
base/src/raycasting/photonMap/PhotonClass.h,base/src/raycasting/photonMap/PHCLOTON.H,PhotonClass.h,PHCLOTON.H
base/src/raycasting/photonMap/PhotonKDTree.cpp,base/src/raycasting/photonMap/PHKDTROT.CPP,PhotonKDTree.cpp,PHKDTROT.CPP
base/src/raycasting/photonMap/PhotonKDTree.h,base/src/raycasting/photonMap/PHKDTROT.H,PhotonKDTree.h,PHKDTROT.H
base/src/raycasting/photonMap/PhotonMap.cpp,base/src/raycasting/photonMap/PHMAOTON.CPP,PhotonMap.cpp,PHMAOTON.CPP
base/src/raycasting/photonMap/PhotonMap.h,base/src/raycasting/photonMap/PHMAOTON.H,PhotonMap.h,PHMAOTON.H
base/src/raycasting/photonMap/PhotonMapConfig.h,base/src/raycasting/photonMap/PHMACOOT.H,PhotonMapConfig.h,PHMACOOT.H
base/src/raycasting/photonMap/PhotonMapDCAcceptPDFType.h,base/src/raycasting/photonMap/PHMADCAC.H,PhotonMapDCAcceptPDFType.h,PHMADCAC.H
base/src/raycasting/photonMap/PhotonMapDensityControlOption.h,base/src/raycasting/photonMap/PHMADECO.H,PhotonMapDensityControlOption.h,PHMADECO.H
base/src/raycasting/photonMap/PhotonMapImportance.cpp,base/src/raycasting/photonMap/PHMAIMOT.CPP,PhotonMapImportance.cpp,PHMAIMOT.CPP
base/src/raycasting/photonMap/PhotonMapImportance.h,base/src/raycasting/photonMap/PHMAIMOT.H,PhotonMapImportance.h,PHMAIMOT.H
base/src/raycasting/photonMap/PhotonMapImportanceOption.h,base/src/raycasting/photonMap/PHMAIMOP.H,PhotonMapImportanceOption.h,PHMAIMOP.H
base/src/raycasting/photonMap/PhotonMapRadianceMethod.cpp,base/src/raycasting/photonMap/PHMARAME.CPP,PhotonMapRadianceMethod.cpp,PHMARAME.CPP
base/src/raycasting/photonMap/PhotonMapRadianceMethod.h,base/src/raycasting/photonMap/PHMARAME.H,PhotonMapRadianceMethod.h,PHMARAME.H
base/src/raycasting/photonMap/PhotonMapSampler.cpp,base/src/raycasting/photonMap/PHMASAOT.CPP,PhotonMapSampler.cpp,PHMASAOT.CPP
base/src/raycasting/photonMap/PhotonMapSampler.h,base/src/raycasting/photonMap/PHMASAOT.H,PhotonMapSampler.h,PHMASAOT.H
base/src/raycasting/photonMap/PhotonMapState.cpp,base/src/raycasting/photonMap/PHMASTOT.CPP,PhotonMapState.cpp,PHMASTOT.CPP
base/src/raycasting/photonMap/PhotonMapState.h,base/src/raycasting/photonMap/PHMASTOT.H,PhotonMapState.h,PHMASTOT.H
base/src/raycasting/photonMap/RadiosityReturnOption.h,base/src/raycasting/photonMap/RAREOPDI.H,RadiosityReturnOption.h,RAREOPDI.H
base/src/raycasting/photonMap/SampleGrid2D.cpp,base/src/raycasting/photonMap/SAGR2DMP.CPP,SampleGrid2D.cpp,SAGR2DMP.CPP
base/src/raycasting/photonMap/SampleGrid2D.h,base/src/raycasting/photonMap/SAGR2DMP.H,SampleGrid2D.h,SAGR2DMP.H
base/src/raycasting/photonMap/ScreenSampler.cpp,base/src/raycasting/photonMap/SCSAREEN.CPP,ScreenSampler.cpp,SCSAREEN.CPP
base/src/raycasting/photonMap/ScreenSampler.h,base/src/raycasting/photonMap/SCSAREEN.H,ScreenSampler.h,SCSAREEN.H
base/src/raycasting/raytracing/BsdfSampler.cpp,base/src/raycasting/raytracing/BSSADFMP.CPP,BsdfSampler.cpp,BSSADFMP.CPP
base/src/raycasting/raytracing/BsdfSampler.h,base/src/raycasting/raytracing/BSSADFMP.H,BsdfSampler.h,BSSADFMP.H
base/src/raycasting/raytracing/EyeSampler.cpp,base/src/raycasting/raytracing/EYSAEMPL.CPP,EyeSampler.cpp,EYSAEMPL.CPP
base/src/raycasting/raytracing/EyeSampler.h,base/src/raycasting/raytracing/EYSAEMPL.H,EyeSampler.h,EYSAEMPL.H
base/src/raycasting/raytracing/NextEventSampler.h,base/src/raycasting/raytracing/NEEVSAXT.H,NextEventSampler.h,NEEVSAXT.H
base/src/raycasting/raytracing/PixelSampler.cpp,base/src/raycasting/raytracing/PISAXELM.CPP,PixelSampler.cpp,PISAXELM.CPP
base/src/raycasting/raytracing/PixelSampler.h,base/src/raycasting/raytracing/PISAXELM.H,PixelSampler.h,PISAXELM.H
base/src/raycasting/raytracing/SampleConnectionFlags.h,base/src/raycasting/raytracing/SACOFLMP.H,SampleConnectionFlags.h,SACOFLMP.H
base/src/raycasting/raytracing/Sampler.cpp,base/src/raycasting/raytracing/SAMPLERS.CPP,Sampler.cpp,SAMPLERS.CPP
base/src/raycasting/raytracing/Sampler.h,base/src/raycasting/raytracing/SAMPLERS.H,Sampler.h,SAMPLERS.H
base/src/raycasting/raytracing/SamplerConfig.cpp,base/src/raycasting/raytracing/SACOMPLE.CPP,SamplerConfig.cpp,SACOMPLE.CPP
base/src/raycasting/raytracing/SamplerConfig.h,base/src/raycasting/raytracing/SACOMPLE.H,SamplerConfig.h,SACOMPLE.H
base/src/raycasting/raytracing/ScreenIterate.cpp,base/src/raycasting/raytracing/SCITREEN.CPP,ScreenIterate.cpp,SCITREEN.CPP
base/src/raycasting/raytracing/ScreenIterate.h,base/src/raycasting/raytracing/SCITREEN.H,ScreenIterate.h,SCITREEN.H
base/src/raycasting/raytracing/ScreenIterateState.cpp,base/src/raycasting/raytracing/SCITSTRE.CPP,ScreenIterateState.cpp,SCITSTRE.CPP
base/src/raycasting/raytracing/ScreenIterateState.h,base/src/raycasting/raytracing/SCITSTRE.H,ScreenIterateState.h,SCITSTRE.H
base/src/raycasting/raytracing/SpecularSampler.cpp,base/src/raycasting/raytracing/SPSAECUL.CPP,SpecularSampler.cpp,SPSAECUL.CPP
base/src/raycasting/raytracing/SpecularSampler.h,base/src/raycasting/raytracing/SPSAECUL.H,SpecularSampler.h,SPSAECUL.H
base/src/raycasting/raytracing/SurfaceSampler.h,base/src/raycasting/raytracing/SUSARFAC.H,SurfaceSampler.h,SUSARFAC.H
base/src/raycasting/simple/RayCaster.cpp,base/src/raycasting/simple/RACAYSTE.CPP,RayCaster.cpp,RACAYSTE.CPP
base/src/raycasting/simple/RayCaster.h,base/src/raycasting/simple/RACAYSTE.H,RayCaster.h,RACAYSTE.H
base/src/raycasting/simple/RayMatter.cpp,base/src/raycasting/simple/RAMAYTTE.CPP,RayMatter.cpp,RAMAYTTE.CPP
base/src/raycasting/simple/RayMatter.h,base/src/raycasting/simple/RAMAYTTE.H,RayMatter.h,RAMAYTTE.H
base/src/raycasting/simple/RayMatterFilterType.h,base/src/raycasting/simple/RAMAFITY.H,RayMatterFilterType.h,RAMAFITY.H
base/src/raycasting/simple/RayMatterState.h,base/src/raycasting/simple/RAMASTYT.H,RayMatterState.h,RAMASTYT.H
base/src/raycasting/stochasticRaytracing/ApproximationTypeDescription.h,base/src/raycasting/stochasticRaytracing/APTYDEPR.H,ApproximationTypeDescription.h,APTYDEPR.H
base/src/raycasting/stochasticRaytracing/Basismcrad.cpp,base/src/raycasting/stochasticRaytracing/BASISMCR.CPP,Basismcrad.cpp,BASISMCR.CPP
base/src/raycasting/stochasticRaytracing/Basismcrad.h,base/src/raycasting/stochasticRaytracing/BASISMCR.H,Basismcrad.h,BASISMCR.H
base/src/raycasting/stochasticRaytracing/Basisquadmcrad.cpp,base/src/raycasting/stochasticRaytracing/BASISQUA.CPP,Basisquadmcrad.cpp,BASISQUA.CPP
base/src/raycasting/stochasticRaytracing/Basistrimcrad.cpp,base/src/raycasting/stochasticRaytracing/BASISTRI.CPP,Basistrimcrad.cpp,BASISTRI.CPP
base/src/raycasting/stochasticRaytracing/Basistrimcrad.h,base/src/raycasting/stochasticRaytracing/BASISTRI.H,Basistrimcrad.h,BASISTRI.H
base/src/raycasting/stochasticRaytracing/Ccr.cpp,base/src/raycasting/stochasticRaytracing/CCRCCRFI.CPP,Ccr.cpp,CCRCCRFI.CPP
base/src/raycasting/stochasticRaytracing/Ccr.h,base/src/raycasting/stochasticRaytracing/CCRCCRFI.H,Ccr.h,CCRCCRFI.H
base/src/raycasting/stochasticRaytracing/Coefficientsgalerkin.cpp,base/src/raycasting/stochasticRaytracing/COEFFICI.CPP,Coefficientsgalerkin.cpp,COEFFICI.CPP
base/src/raycasting/stochasticRaytracing/Coefficientsmcrad.h,base/src/raycasting/stochasticRaytracing/COEFFICI.H,Coefficientsmcrad.h,COEFFICI.H
base/src/raycasting/stochasticRaytracing/ElementHierarchyState.h,base/src/raycasting/stochasticRaytracing/ELHISTEM.H,ElementHierarchyState.h,ELHISTEM.H
base/src/raycasting/stochasticRaytracing/GalerkinBasis.h,base/src/raycasting/stochasticRaytracing/GABALERK.H,GalerkinBasis.h,GABALER2.H
base/src/raycasting/stochasticRaytracing/Hierarchy.cpp,base/src/raycasting/stochasticRaytracing/HIERARCH.CPP,Hierarchy.cpp,HIERARCH.CPP
base/src/raycasting/stochasticRaytracing/Hierarchy.h,base/src/raycasting/stochasticRaytracing/HIERARCH.H,Hierarchy.h,HIERARCH.H
base/src/raycasting/stochasticRaytracing/HierarchyClusteringMode.h,base/src/raycasting/stochasticRaytracing/HICLMOER.H,HierarchyClusteringMode.h,HICLMOER.H
base/src/raycasting/stochasticRaytracing/HierarchyRefine.cpp,base/src/raycasting/stochasticRaytracing/HIREERAR.CPP,HierarchyRefine.cpp,HIREERAR.CPP
base/src/raycasting/stochasticRaytracing/LightSourceTable.cpp,base/src/raycasting/stochasticRaytracing/LISOTAGH.CPP,LightSourceTable.cpp,LISOTAGH.CPP
base/src/raycasting/stochasticRaytracing/LightSourceTable.h,base/src/raycasting/stochasticRaytracing/LISOTAGH.H,LightSourceTable.h,LISOTAGH.H
base/src/raycasting/stochasticRaytracing/Link.h,base/src/raycasting/stochasticRaytracing/LINKLINK.H,Link.h,LINKLINK.H
base/src/raycasting/stochasticRaytracing/Localline.cpp,base/src/raycasting/stochasticRaytracing/LOCALLIN.CPP,Localline.cpp,LOCALLIN.CPP
base/src/raycasting/stochasticRaytracing/Localline.h,base/src/raycasting/stochasticRaytracing/LOCALLIN.H,Localline.h,LOCALLIN.H
base/src/raycasting/stochasticRaytracing/Mcrad.cpp,base/src/raycasting/stochasticRaytracing/MCRADMCR.CPP,Mcrad.cpp,MCRADMCR.CPP
base/src/raycasting/stochasticRaytracing/Mcrad.h,base/src/raycasting/stochasticRaytracing/MCRADMCR.H,Mcrad.h,MCRADMCR.H
base/src/raycasting/stochasticRaytracing/McradP.h,base/src/raycasting/stochasticRaytracing/MCPRADMC.H,McradP.h,MCPRADMC.H
base/src/raycasting/stochasticRaytracing/Nondiff.cpp,base/src/raycasting/stochasticRaytracing/NONDIFFN.CPP,Nondiff.cpp,NONDIFFN.CPP
base/src/raycasting/stochasticRaytracing/Nondiff.h,base/src/raycasting/stochasticRaytracing/NONDIFFN.H,Nondiff.h,NONDIFFN.H
base/src/raycasting/stochasticRaytracing/Path.h,base/src/raycasting/stochasticRaytracing/PATHPATH.H,Path.h,PATHPATH.H
base/src/raycasting/stochasticRaytracing/RandomWalkEstimatorKind.h,base/src/raycasting/stochasticRaytracing/RAWAESKI.H,RandomWalkEstimatorKind.h,RAWAESKI.H
base/src/raycasting/stochasticRaytracing/RandomWalkEstimatorType.h,base/src/raycasting/stochasticRaytracing/RAWAESTY.H,RandomWalkEstimatorType.h,RAWAESTY.H
base/src/raycasting/stochasticRaytracing/RandomWalkRadianceMethod.cpp,base/src/raycasting/stochasticRaytracing/RAWARAME.CPP,RandomWalkRadianceMethod.cpp,RAWARAME.CPP
base/src/raycasting/stochasticRaytracing/RandomWalkRadianceMethod.h,base/src/raycasting/stochasticRaytracing/RAWARAME.H,RandomWalkRadianceMethod.h,RAWARAME.H
base/src/raycasting/stochasticRaytracing/RayTracingLightMode.h,base/src/raycasting/stochasticRaytracing/RATRLIMO.H,RayTracingLightMode.h,RATRLIMO.H
base/src/raycasting/stochasticRaytracing/RayTracingRadMode.h,base/src/raycasting/stochasticRaytracing/RATRRAMO.H,RayTracingRadMode.h,RATRRAMO.H
base/src/raycasting/stochasticRaytracing/RayTracingSamplingMode.h,base/src/raycasting/stochasticRaytracing/RATRSAMO.H,RayTracingSamplingMode.h,RATRSAMO.H
base/src/raycasting/stochasticRaytracing/Sample4d.cpp,base/src/raycasting/stochasticRaytracing/SA4DMPLE.CPP,Sample4d.cpp,SA4DMPLE.CPP
base/src/raycasting/stochasticRaytracing/Sample4d.h,base/src/raycasting/stochasticRaytracing/SA4DMPLE.H,Sample4d.h,SA4DMPLE.H
base/src/raycasting/stochasticRaytracing/Sampler4DSequence.h,base/src/raycasting/stochasticRaytracing/SA4DSEMP.H,Sampler4DSequence.h,SA4DSEMP.H
base/src/raycasting/stochasticRaytracing/ScatterInfo.h,base/src/raycasting/stochasticRaytracing/SCINATTE.H,ScatterInfo.h,SCINATTE.H
base/src/raycasting/stochasticRaytracing/Seed.h,base/src/raycasting/stochasticRaytracing/SEEDSEED.H,Seed.h,SEEDSEED.H
base/src/raycasting/stochasticRaytracing/SeedConfig.h,base/src/raycasting/stochasticRaytracing/SECOEDNF.H,SeedConfig.h,SECOEDNF.H
base/src/raycasting/stochasticRaytracing/StochasticJacobiRadianceMethod.cpp,base/src/raycasting/stochasticRaytracing/STJARAME.CPP,StochasticJacobiRadianceMethod.cpp,STJARAME.CPP
base/src/raycasting/stochasticRaytracing/StochasticJacobiRadianceMethod.h,base/src/raycasting/stochasticRaytracing/STJARAME.H,StochasticJacobiRadianceMethod.h,STJARAME.H
base/src/raycasting/stochasticRaytracing/StochasticRadiosityElement.cpp,base/src/raycasting/stochasticRaytracing/STRAELOC.CPP,StochasticRadiosityElement.cpp,STRAELOC.CPP
base/src/raycasting/stochasticRaytracing/StochasticRadiosityElement.h,base/src/raycasting/stochasticRaytracing/STRAELOC.H,StochasticRadiosityElement.h,STRAELOC.H
base/src/raycasting/stochasticRaytracing/StochasticRadiosityElementRender.cpp,base/src/raycasting/stochasticRaytracing/STRAELRE.CPP,StochasticRadiosityElementRender.cpp,STRAELRE.CPP
base/src/raycasting/stochasticRaytracing/StochasticRadiosityElementType.h,base/src/raycasting/stochasticRaytracing/STRAELTY.H,StochasticRadiosityElementType.h,STRAELTY.H
base/src/raycasting/stochasticRaytracing/StochasticRayTracingState.h,base/src/raycasting/stochasticRaytracing/STRATRST.H,StochasticRayTracingState.h,STRATRST.H
base/src/raycasting/stochasticRaytracing/StochasticRaytracer.cpp,base/src/raycasting/stochasticRaytracing/STRAOCHA.CPP,StochasticRaytracer.cpp,STRAOCHA.CPP
base/src/raycasting/stochasticRaytracing/StochasticRaytracer.h,base/src/raycasting/stochasticRaytracing/STRAOCHA.H,StochasticRaytracer.h,STRAOCHA.H
base/src/raycasting/stochasticRaytracing/StochasticRaytracerCallbackData.h,base/src/raycasting/stochasticRaytracing/STRACADA.H,StochasticRaytracerCallbackData.h,STRACADA.H
base/src/raycasting/stochasticRaytracing/StochasticRaytracingApproximation.h,base/src/raycasting/stochasticRaytracing/STRAAPOC.H,StochasticRaytracingApproximation.h,STRAAPOC.H
base/src/raycasting/stochasticRaytracing/StochasticRaytracingConfiguration.cpp,base/src/raycasting/stochasticRaytracing/STRACOOC.CPP,StochasticRaytracingConfiguration.cpp,STRACOOC.CPP
base/src/raycasting/stochasticRaytracing/StochasticRaytracingConfiguration.h,base/src/raycasting/stochasticRaytracing/STRACOOC.H,StochasticRaytracingConfiguration.h,STRACOOC.H
base/src/raycasting/stochasticRaytracing/StochasticRaytracingMethod.h,base/src/raycasting/stochasticRaytracing/STRAMEOC.H,StochasticRaytracingMethod.h,STRAMEOC.H
base/src/raycasting/stochasticRaytracing/StochasticRaytracingPathNode.cpp,base/src/raycasting/stochasticRaytracing/STRAPANO.CPP,StochasticRaytracingPathNode.cpp,STRAPANO.CPP
base/src/raycasting/stochasticRaytracing/StochasticRaytracingPathNode.h,base/src/raycasting/stochasticRaytracing/STRAPANO.H,StochasticRaytracingPathNode.h,STRAPANO.H
base/src/raycasting/stochasticRaytracing/StochasticRaytracingState.cpp,base/src/raycasting/stochasticRaytracing/STRASTOC.CPP,StochasticRaytracingState.cpp,STRASTOC.CPP
base/src/raycasting/stochasticRaytracing/StochasticRelaxation.h,base/src/raycasting/stochasticRaytracing/STREOCHA.H,StochasticRelaxation.h,STREOCHA.H
base/src/raycasting/stochasticRaytracing/Stochjacobi.cpp,base/src/raycasting/stochasticRaytracing/STOCHJAC.CPP,Stochjacobi.cpp,STOCHJAC.CPP
base/src/raycasting/stochasticRaytracing/Stochjacobi.h,base/src/raycasting/stochasticRaytracing/STOCHJAC.H,Stochjacobi.h,STOCHJAC.H
base/src/raycasting/stochasticRaytracing/StorageReadout.h,base/src/raycasting/stochasticRaytracing/STREORAG.H,StorageReadout.h,STREORAG.H
base/src/raycasting/stochasticRaytracing/Tracepath.cpp,base/src/raycasting/stochasticRaytracing/TRACEPAT.CPP,Tracepath.cpp,TRACEPAT.CPP
base/src/raycasting/stochasticRaytracing/Tracepath.h,base/src/raycasting/stochasticRaytracing/TRACEPAT.H,Tracepath.h,TRACEPAT.H
base/src/raycasting/stochasticRaytracing/WhatToShow.h,base/src/raycasting/stochasticRaytracing/WHTOSHAT.H,WhatToShow.h,WHTOSHAT.H
base/src/render/Canvas.cpp,base/src/render/CANVASCA.CPP,Canvas.cpp,CANVASCA.CPP
base/src/render/Canvas.h,base/src/render/CANVASCA.H,Canvas.h,CANVASCA.H
base/src/render/OctreeChild.h,base/src/render/OCCHTREE.H,OctreeChild.h,OCCHTREE.H
base/src/render/Potential.cpp,base/src/render/POTENTIA.CPP,Potential.cpp,POTENTIA.CPP
base/src/render/Potential.h,base/src/render/POTENTIA.H,Potential.h,POTENTIA.H
base/src/render/RadianceImageExporter.cpp,base/src/render/RAIMEXDI.CPP,RadianceImageExporter.cpp,RAIMEXDI.CPP
base/src/render/RadianceImageExporter.h,base/src/render/RAIMEXDI.H,RadianceImageExporter.h,RAIMEXDI.H
base/src/render/RenderHook.h,base/src/render/REHONDER.H,RenderHook.h,REHONDER.H
base/src/render/RenderHookList.cpp,base/src/render/REHOLIND.CPP,RenderHookList.cpp,REHOLIND.CPP
base/src/render/RenderHookList.h,base/src/render/REHOLIND.H,RenderHookList.h,REHOLIND.H
base/src/render/ScreenBuffer.cpp,base/src/render/SCBUREEN.CPP,ScreenBuffer.cpp,SCBUREEN.CPP
base/src/render/ScreenBuffer.h,base/src/render/SCBUREEN.H,ScreenBuffer.h,SCBUREEN.H
base/src/render/SoftIdsWrapper.cpp,base/src/render/SOIDWRFT.CPP,SoftIdsWrapper.cpp,SOIDWRFT.CPP
base/src/render/SoftIdsWrapper.h,base/src/render/SOIDWRFT.H,SoftIdsWrapper.h,SOIDWRFT.H
base/src/render/Softids.cpp,base/src/render/SOFTIDSS.CPP,Softids.cpp,SOFTIDSS.CPP
base/src/render/Softids.h,base/src/render/SOFTIDSS.H,Softids.h,SOFTIDSS.H
base/src/render/sgl/Poly.h,base/src/render/sgl/POLYPOLY.H,Poly.h,POLYPOLY.H
base/src/render/sgl/PolyClip.cpp,base/src/render/sgl/POCLLYIP.CPP,PolyClip.cpp,POCLLYIP.CPP
base/src/render/sgl/PolyScanFlat.cpp,base/src/render/sgl/POSCFLLY.CPP,PolyScanFlat.cpp,POSCFLLY.CPP
base/src/render/sgl/PolyScanZ.cpp,base/src/render/sgl/POSCZLYA.CPP,PolyScanZ.cpp,POSCZLYA.CPP
base/src/render/sgl/Polygon.h,base/src/render/sgl/POLYGONP.H,Polygon.h,POLYGONP.H
base/src/render/sgl/PolygonBox.h,base/src/render/sgl/POBOLYGO.H,PolygonBox.h,POBOLYGO.H
base/src/render/sgl/PolygonClipResult.h,base/src/render/sgl/POCLRELY.H,PolygonClipResult.h,POCLRELY.H
base/src/render/sgl/PolygonVertex.h,base/src/render/sgl/POVELYGO.H,PolygonVertex.h,POVELYGO.H
base/src/render/sgl/SglConstants.h,base/src/render/sgl/SGCOLNST.H,SglConstants.h,SGCOLNST.H
base/src/render/sgl/SglContext.cpp,base/src/render/sgl/SGCOLNTE.CPP,SglContext.cpp,SGCOLNTE.CPP
base/src/render/sgl/SglContext.h,base/src/render/sgl/SGCOLNTE.H,SglContext.h,SGCOLNTE.H
base/src/render/sgl/SglPixelContent.h,base/src/render/sgl/SGPICOLX.H,SglPixelContent.h,SGPICOLX.H
base/src/render/sgl/Window.h,base/src/render/sgl/WINDOWWI.H,Window.h,WINDOWWI.H
base/src/scene/Background.cpp,base/src/scene/BACKGROU.CPP,Background.cpp,BACKGROU.CPP
base/src/scene/Background.h,base/src/scene/BACKGROU.H,Background.h,BACKGROU.H
base/src/scene/Camera.cpp,base/src/scene/CAMERACA.CPP,Camera.cpp,CAMERACA.CPP
base/src/scene/Camera.h,base/src/scene/CAMERACA.H,Camera.h,CAMERACA.H
base/src/scene/ConstantColorBackground.cpp,base/src/scene/COCOBANS.CPP,ConstantColorBackground.cpp,COCOBANS.CPP
base/src/scene/ConstantColorBackground.h,base/src/scene/COCOBANS.H,ConstantColorBackground.h,COCOBANS.H
base/src/scene/PatchClusterOctreeNode.cpp,base/src/scene/PACLOCNO.CPP,PatchClusterOctreeNode.cpp,PACLOCNO.CPP
base/src/scene/PatchClusterOctreeNode.h,base/src/scene/PACLOCNO.H,PatchClusterOctreeNode.h,PACLOCNO.H
base/src/scene/Plane.cpp,base/src/scene/PLANEPLA.CPP,Plane.cpp,PLANEPLA.CPP
base/src/scene/Plane.h,base/src/scene/PLANEPLA.H,Plane.h,PLANEPLA.H
base/src/scene/Polygon.h,base/src/scene/POLYGONP.H,Polygon.h,POLYGON2.H
base/src/scene/RadianceMethod.cpp,base/src/scene/RAMEDIAN.CPP,RadianceMethod.cpp,RAMEDIAN.CPP
base/src/scene/RadianceMethod.h,base/src/scene/RAMEDIAN.H,RadianceMethod.h,RAMEDIAN.H
base/src/scene/RadianceMethodAlgorithm.h,base/src/scene/RAMEALDI.H,RadianceMethodAlgorithm.h,RAMEALDI.H
base/src/scene/Scene.cpp,base/src/scene/SCENESCE.CPP,Scene.cpp,SCENESCE.CPP
base/src/scene/Scene.h,base/src/scene/SCENESCE.H,Scene.h,SCENESCE.H
base/src/scene/VoxelData.cpp,base/src/scene/VODAXELT.CPP,VoxelData.cpp,VODAXELT.CPP
base/src/scene/VoxelData.h,base/src/scene/VODAXELT.H,VoxelData.h,VODAXELT.H
base/src/scene/VoxelDataFlags.h,base/src/scene/VODAFLXE.H,VoxelDataFlags.h,VODAFLXE.H
base/src/scene/VoxelGrid.cpp,base/src/scene/VOGRXELI.CPP,VoxelGrid.cpp,VOGRXELI.CPP
base/src/scene/VoxelGrid.h,base/src/scene/VOGRXELI.H,VoxelGrid.h,VOGRXELI.H
base/src/skin/AxisAlignedBoundingBox.cpp,base/src/skin/BOBOUNDI.CPP,BoundingBox.cpp,BOBOUNDI.CPP
base/src/skin/AxisAlignedBoundingBox.h,base/src/skin/BOBOUNDI.H,BoundingBox.h,BOBOUNDI.H
base/src/skin/BoundingBoxCoordinateIndex.h,base/src/skin/BOBOCOIN.H,BoundingBoxCoordinateIndex.h,BOBOCOIN.H
base/src/skin/Compound.cpp,base/src/skin/COMPOUND.CPP,Compound.cpp,COMPOUND.CPP
base/src/skin/Compound.h,base/src/skin/COMPOUND.H,Compound.h,COMPOUND.H
base/src/environment/geometry/elements/Element.cpp,base/src/skin/ELEMENTE.CPP,Element.cpp,ELEMENTE.CPP
base/src/environment/geometry/elements/Element.h,base/src/skin/ELEMENTE.H,Element.h,ELEMENTE.H
base/src/environment/geometry/elements/ElementFlags.h,base/src/skin/ELFLEMEN.H,ElementFlags.h,ELFLEMEN.H
base/src/environment/geometry/elements/ElementTypes.h,base/src/skin/ELTYEMEN.H,ElementTypes.h,ELTYEMEN.H
base/src/skin/Geometry.cpp,base/src/skin/GEOMETRY.CPP,Geometry.cpp,GEOMETRY.CPP
base/src/skin/Geometry.h,base/src/skin/GEOMETRY.H,Geometry.h,GEOMETRY.H
base/src/skin/GeometryClassId.h,base/src/skin/GECLIDOM.H,GeometryClassId.h,GECLIDOM.H
base/src/material/MaterialColorFlags.h,base/src/skin/MACOFLTE.H,MaterialColorFlags.h,MACOFLTE.H
base/src/skin/MeshSurface.cpp,base/src/skin/MESUSHRF.CPP,MeshSurface.cpp,MESUSHRF.CPP
base/src/skin/MeshSurface.h,base/src/skin/MESUSHRF.H,MeshSurface.h,MESUSHRF.H
base/src/skin/MinMaxBox.cpp,base/src/skin/MIMABONX.CPP,MinMaxBox.cpp,MIMABONX.CPP
base/src/skin/MinMaxBox.h,base/src/skin/MIMABONX.H,MinMaxBox.h,MIMABONX.H
base/src/environment/geometry/elements/Patch.cpp,base/src/skin/PATCHPAT.CPP,Patch.cpp,PATCHPAT.CPP
base/src/environment/geometry/elements/Patch.h,base/src/skin/PATCHPAT.H,Patch.h,PATCHPAT.H
base/src/environment/geometry/elements/PatchSet.cpp,base/src/skin/PASETCHT.CPP,PatchSet.cpp,PASETCHT.CPP
base/src/environment/geometry/elements/PatchSet.h,base/src/skin/PASETCHT.H,PatchSet.h,PASETCHT.H
base/src/environment/geometry/elements/RayHit.cpp,base/src/skin/RAHIYTRA.CPP,RayHit.cpp,RAHIYTRA.CPP
base/src/environment/geometry/elements/Vertex.cpp,base/src/skin/VERTEXVE.CPP,Vertex.cpp,VERTEXVE.CPP
base/src/environment/geometry/elements/Vertex.h,base/src/skin/VERTEXVE.H,Vertex.h,VERTEXVE.H
base/src/environment/geometry/elements/VertexCompareFlags.h,base/src/skin/VECOFLRT.H,VertexCompareFlags.h,VECOFLRT.H
base/src/tonemap/FerwerdaToneMap.cpp,base/src/tonemap/FETOMARW.CPP,FerwerdaToneMap.cpp,FETOMARW.CPP
base/src/tonemap/FerwerdaToneMap.h,base/src/tonemap/FETOMARW.H,FerwerdaToneMap.h,FETOMARW.H
base/src/tonemap/IdentityToneMap.cpp,base/src/tonemap/IDTOMAEN.CPP,IdentityToneMap.cpp,IDTOMAEN.CPP
base/src/tonemap/IdentityToneMap.h,base/src/tonemap/IDTOMAEN.H,IdentityToneMap.h,IDTOMAEN.H
base/src/tonemap/LightnessToneMap.cpp,base/src/tonemap/LITOMAGH.CPP,LightnessToneMap.cpp,LITOMAGH.CPP
base/src/tonemap/LightnessToneMap.h,base/src/tonemap/LITOMAGH.H,LightnessToneMap.h,LITOMAGH.H
base/src/tonemap/RevisedTumblinRushmeierToneMap.cpp,base/src/tonemap/RETURUTO.CPP,RevisedTumblinRushmeierToneMap.cpp,RETURUTO.CPP
base/src/tonemap/RevisedTumblinRushmeierToneMap.h,base/src/tonemap/RETURUTO.H,RevisedTumblinRushmeierToneMap.h,RETURUTO.H
base/src/tonemap/ToneMap.cpp,base/src/tonemap/TOMANEPT.CPP,ToneMap.cpp,TOMANEPT.CPP
base/src/tonemap/ToneMap.h,base/src/tonemap/TOMANEPT.H,ToneMap.h,TOMANEPT.H
base/src/tonemap/ToneMapAdaptationMethod.h,base/src/tonemap/TOMAADME.H,ToneMapAdaptationMethod.h,TOMAADME.H
base/src/tonemap/ToneMappingContext.cpp,base/src/tonemap/TOMACONE.CPP,ToneMappingContext.cpp,TOMACONE.CPP
base/src/tonemap/ToneMappingContext.h,base/src/tonemap/TOMACONE.H,ToneMappingContext.h,TOMACONE.H
base/src/tonemap/TumblinRushmeierToneMap.cpp,base/src/tonemap/TURUTOMA.CPP,TumblinRushmeierToneMap.cpp,TURUTOMA.CPP
base/src/tonemap/TumblinRushmeierToneMap.h,base/src/tonemap/TURUTOMA.H,TumblinRushmeierToneMap.h,TURUTOMA.H
base/src/tonemap/WardToneMap.cpp,base/src/tonemap/WATOMARD.CPP,WardToneMap.cpp,WATOMARD.CPP
base/src/tonemap/WardToneMap.h,base/src/tonemap/WATOMARD.H,WardToneMap.h,WATOMARD.H
base/CMakeLists.txt,base/CMALIKES.TXT,CMakeLists.txt,CMALIKE5.TXT
testsuite/ApplicationCases/RenderparkApplication/CMakeLists.txt,testsuite/ApplicationCases/RenderparkApplication/CMALIKES.TXT,CMakeLists.txt,CMALIKE6.TXT
scripts/renderpark_env.sh,scripts/REENVAK.SH,renderpark_env.sh,REENVAK.SH
base/src/common/color/ColorRgbMutable.cpp,base/src/common/CORMUGBL.CPP,ColorRgbMutable.cpp,CORMUGBL.CPP
base/src/common/color/ColorRgbMutable.h,base/src/common/CORMUGBL.H,ColorRgbMutable.h,CORMUGBL.H
